frame,t_seconds,ear,state,closed_frames
0,0.000,0.1494,awake,1
1,0.033,0.1498,awake,2
2,0.067,0.1505,awake,3
3,0.100,0.3042,awake,0
4,0.133,0.3014,awake,0
5,0.167,0.2963,awake,0
6,0.200,0.3041,awake,0
7,0.233,0.3022,awake,0
8,0.267,0.3028,awake,0
9,0.300,0.3046,awake,0
10,0.333,0.3056,awake,0
11,0.367,0.3097,awake,0
12,0.400,0.3082,awake,0
13,0.433,0.3064,awake,0
14,0.467,0.3035,awake,0
15,0.500,0.3028,awake,0
16,0.533,0.3083,awake,0
17,0.567,0.3130,awake,0
18,0.600,0.3083,awake,0
19,0.633,0.3082,awake,0
20,0.667,0.3111,awake,0
21,0.700,0.3036,awake,0
22,0.733,0.3086,awake,0
23,0.767,0.3122,awake,0
24,0.800,0.3141,awake,0
25,0.833,0.3101,awake,0
26,0.867,0.3129,awake,0
27,0.900,0.3128,awake,0
28,0.933,0.3153,awake,0
29,0.967,0.3081,awake,0
30,1.000,0.3152,awake,0
31,1.033,0.3072,awake,0
32,1.067,0.3031,awake,0
33,1.100,0.3115,awake,0
34,1.133,0.3106,awake,0
35,1.167,0.3181,awake,0
36,1.200,0.3175,awake,0
37,1.233,0.3103,awake,0
38,1.267,0.3189,awake,0
39,1.300,0.3118,awake,0
40,1.333,0.3157,awake,0
41,1.367,0.3152,awake,0
42,1.400,0.3171,awake,0
43,1.433,0.3201,awake,0
44,1.467,0.3197,awake,0
45,1.500,0.3187,awake,0
46,1.533,0.3202,awake,0
47,1.567,0.3197,awake,0
48,1.600,0.3155,awake,0
49,1.633,0.3153,awake,0
50,1.667,0.3165,awake,0
51,1.700,0.3206,awake,0
52,1.733,0.3177,awake,0
53,1.767,0.3282,awake,0
54,1.800,0.3158,awake,0
55,1.833,0.3148,awake,0
56,1.867,0.3224,awake,0
57,1.900,0.3251,awake,0
58,1.933,0.3216,awake,0
59,1.967,0.3230,awake,0
60,2.000,0.3254,awake,0
61,2.033,0.3194,awake,0
62,2.067,0.3142,awake,0
63,2.100,0.3178,awake,0
64,2.133,0.3238,awake,0
65,2.167,0.3142,awake,0
66,2.200,0.3201,awake,0
67,2.233,0.3210,awake,0
68,2.267,0.3187,awake,0
69,2.300,0.3229,awake,0
70,2.333,0.3223,awake,0
71,2.367,0.3292,awake,0
72,2.400,0.3224,awake,0
73,2.433,0.3174,awake,0
74,2.467,0.3175,awake,0
75,2.500,0.3164,awake,0
76,2.533,0.3234,awake,0
77,2.567,0.3172,awake,0
78,2.600,0.3191,awake,0
79,2.633,0.3223,awake,0
80,2.667,0.3162,awake,0
81,2.700,0.3178,awake,0
82,2.733,0.3115,awake,0
83,2.767,0.3143,awake,0
84,2.800,0.3162,awake,0
85,2.833,0.3200,awake,0
86,2.867,0.3229,awake,0
87,2.900,0.3179,awake,0
88,2.933,0.3188,awake,0
89,2.967,0.3182,awake,0
90,3.000,0.1716,awake,1
91,3.033,0.1706,awake,2
92,3.067,0.1679,awake,3
93,3.100,0.3125,awake,0
94,3.133,0.3199,awake,0
95,3.167,0.3175,awake,0
96,3.200,0.3206,awake,0
97,3.233,0.3153,awake,0
98,3.267,0.3229,awake,0
99,3.300,0.3133,awake,0
100,3.333,0.3208,awake,0
101,3.367,0.3146,awake,0
102,3.400,0.3117,awake,0
103,3.433,0.3089,awake,0
104,3.467,0.3125,awake,0
105,3.500,0.3184,awake,0
106,3.533,0.3157,awake,0
107,3.567,0.3148,awake,0
108,3.600,0.3021,awake,0
109,3.633,0.3141,awake,0
110,3.667,0.3131,awake,0
111,3.700,0.3083,awake,0
112,3.733,0.3076,awake,0
113,3.767,0.3097,awake,0
114,3.800,0.3162,awake,0
115,3.833,0.3046,awake,0
116,3.867,0.3067,awake,0
117,3.900,0.3134,awake,0
118,3.933,0.3058,awake,0
119,3.967,0.3057,awake,0
120,4.000,0.3071,awake,0
121,4.033,0.3013,awake,0
122,4.067,0.3067,awake,0
123,4.100,0.3005,awake,0
124,4.133,0.3085,awake,0
125,4.167,0.3045,awake,0
126,4.200,0.3131,awake,0
127,4.233,0.3047,awake,0
128,4.267,0.3085,awake,0
129,4.300,0.2974,awake,0
130,4.333,0.3017,awake,0
131,4.367,0.3030,awake,0
132,4.400,0.3082,awake,0
133,4.433,0.2940,awake,0
134,4.467,0.3043,awake,0
135,4.500,0.3022,awake,0
136,4.533,0.3055,awake,0
137,4.567,0.3017,awake,0
138,4.600,0.2986,awake,0
139,4.633,0.2959,awake,0
140,4.667,0.2925,awake,0
141,4.700,0.2978,awake,0
142,4.733,0.2958,awake,0
143,4.767,0.3042,awake,0
144,4.800,0.2932,awake,0
145,4.833,0.2965,awake,0
146,4.867,0.2885,awake,0
147,4.900,0.2927,awake,0
148,4.933,0.2949,awake,0
149,4.967,0.2967,awake,0
150,5.000,0.2988,awake,0
151,5.033,0.2924,awake,0
152,5.067,0.2876,awake,0
153,5.100,0.2935,awake,0
154,5.133,0.2933,awake,0
155,5.167,0.2928,awake,0
156,5.200,0.2876,awake,0
157,5.233,0.2946,awake,0
158,5.267,0.2900,awake,0
159,5.300,0.2920,awake,0
160,5.333,0.2939,awake,0
161,5.367,0.2909,awake,0
162,5.400,0.2892,awake,0
163,5.433,0.2963,awake,0
164,5.467,0.2883,awake,0
165,5.500,0.2858,awake,0
166,5.533,0.2871,awake,0
167,5.567,0.2922,awake,0
168,5.600,0.2864,awake,0
169,5.633,0.2877,awake,0
170,5.667,0.2901,awake,0
171,5.700,0.2829,awake,0
172,5.733,0.2778,awake,0
173,5.767,0.2856,awake,0
174,5.800,0.2850,awake,0
175,5.833,0.2814,awake,0
176,5.867,0.2870,awake,0
177,5.900,0.2857,awake,0
178,5.933,0.2791,awake,0
179,5.967,0.2849,awake,0
180,6.000,0.1318,awake,1
181,6.033,0.1264,awake,2
182,6.067,0.1339,awake,3
183,6.100,0.2817,awake,0
184,6.133,0.2787,awake,0
185,6.167,0.2836,awake,0
186,6.200,0.2833,awake,0
187,6.233,0.2789,awake,0
188,6.267,0.2827,awake,0
189,6.300,0.2850,awake,0
190,6.333,0.2779,awake,0
191,6.367,0.2822,awake,0
192,6.400,0.2805,awake,0
193,6.433,0.2895,awake,0
194,6.467,0.2729,awake,0
195,6.500,0.2830,awake,0
196,6.533,0.2790,awake,0
197,6.567,0.2797,awake,0
198,6.600,0.2877,awake,0
199,6.633,0.2800,awake,0
200,6.667,0.2890,awake,0
201,6.700,0.2782,awake,0
202,6.733,0.2814,awake,0
203,6.767,0.2780,awake,0
204,6.800,0.2773,awake,0
205,6.833,0.2803,awake,0
206,6.867,0.2790,awake,0
207,6.900,0.2809,awake,0
208,6.933,0.2718,awake,0
209,6.967,0.2883,awake,0
210,7.000,0.2797,awake,0
211,7.033,0.2874,awake,0
212,7.067,0.2765,awake,0
213,7.100,0.2818,awake,0
214,7.133,0.2934,awake,0
215,7.167,0.2774,awake,0
216,7.200,0.2751,awake,0
217,7.233,0.2790,awake,0
218,7.267,0.2833,awake,0
219,7.300,0.2843,awake,0
220,7.333,0.2869,awake,0
221,7.367,0.2809,awake,0
222,7.400,0.2757,awake,0
223,7.433,0.2806,awake,0
224,7.467,0.2875,awake,0
225,7.500,0.2847,awake,0
226,7.533,0.2752,awake,0
227,7.567,0.2832,awake,0
228,7.600,0.2892,awake,0
229,7.633,0.2924,awake,0
230,7.667,0.2864,awake,0
231,7.700,0.2857,awake,0
232,7.733,0.2798,awake,0
233,7.767,0.2816,awake,0
234,7.800,0.2855,awake,0
235,7.833,0.2877,awake,0
236,7.867,0.2883,awake,0
237,7.900,0.2844,awake,0
238,7.933,0.2821,awake,0
239,7.967,0.2839,awake,0
240,8.000,0.2827,awake,0
241,8.033,0.2903,awake,0
242,8.067,0.2789,awake,0
243,8.100,0.2872,awake,0
244,8.133,0.2907,awake,0
245,8.167,0.2954,awake,0
246,8.200,0.2899,awake,0
247,8.233,0.2941,awake,0
248,8.267,0.2889,awake,0
249,8.300,0.2879,awake,0
250,8.333,0.2886,awake,0
251,8.367,0.2978,awake,0
252,8.400,0.2961,awake,0
253,8.433,0.2945,awake,0
254,8.467,0.3063,awake,0
255,8.500,0.2933,awake,0
256,8.533,0.2964,awake,0
257,8.567,0.2956,awake,0
258,8.600,0.2939,awake,0
259,8.633,0.3045,awake,0
260,8.667,0.3017,awake,0
261,8.700,0.2906,awake,0
262,8.733,0.2950,awake,0
263,8.767,0.2988,awake,0
264,8.800,0.3007,awake,0
265,8.833,0.2926,awake,0
266,8.867,0.2894,awake,0
267,8.900,0.2913,awake,0
268,8.933,0.2991,awake,0
269,8.967,0.2995,awake,0
270,9.000,0.1517,awake,1
271,9.033,0.1477,awake,2
272,9.067,0.1464,awake,3
273,9.100,0.2936,awake,0
274,9.133,0.3035,awake,0
275,9.167,0.3041,awake,0
276,9.200,0.3071,awake,0
277,9.233,0.3067,awake,0
278,9.267,0.3033,awake,0
279,9.300,0.3099,awake,0
280,9.333,0.3044,awake,0
281,9.367,0.3028,awake,0
282,9.400,0.3038,awake,0
283,9.433,0.3040,awake,0
284,9.467,0.2981,awake,0
285,9.500,0.3078,awake,0
286,9.533,0.3086,awake,0
287,9.567,0.3066,awake,0
288,9.600,0.3056,awake,0
289,9.633,0.3104,awake,0
290,9.667,0.3162,awake,0
291,9.700,0.3099,awake,0
292,9.733,0.3081,awake,0
293,9.767,0.3081,awake,0
294,9.800,0.3106,awake,0
295,9.833,0.3062,awake,0
296,9.867,0.3112,awake,0
297,9.900,0.3123,awake,0
298,9.933,0.3198,awake,0
299,9.967,0.3166,awake,0
300,10.000,0.3173,awake,0
301,10.033,0.3106,awake,0
302,10.067,0.3165,awake,0
303,10.100,0.3096,awake,0
304,10.133,0.3157,awake,0
305,10.167,0.3165,awake,0
306,10.200,0.3120,awake,0
307,10.233,0.3234,awake,0
308,10.267,0.3180,awake,0
309,10.300,0.3084,awake,0
310,10.333,0.3185,awake,0
311,10.367,0.3149,awake,0
312,10.400,0.3168,awake,0
313,10.433,0.3189,awake,0
314,10.467,0.3188,awake,0
315,10.500,0.3094,awake,0
316,10.533,0.3131,awake,0
317,10.567,0.3210,awake,0
318,10.600,0.3234,awake,0
319,10.633,0.3259,awake,0
320,10.667,0.3257,awake,0
321,10.700,0.3105,awake,0
322,10.733,0.3219,awake,0
323,10.767,0.3113,awake,0
324,10.800,0.3256,awake,0
325,10.833,0.3203,awake,0
326,10.867,0.3148,awake,0
327,10.900,0.3275,awake,0
328,10.933,0.3222,awake,0
329,10.967,0.3121,awake,0
330,11.000,0.3209,awake,0
331,11.033,0.3169,awake,0
332,11.067,0.3203,awake,0
333,11.100,0.3181,awake,0
334,11.133,0.3255,awake,0
335,11.167,0.3143,awake,0
336,11.200,0.3213,awake,0
337,11.233,0.3273,awake,0
338,11.267,0.3167,awake,0
339,11.300,0.3208,awake,0
340,11.333,0.3207,awake,0
341,11.367,0.3171,awake,0
342,11.400,0.3224,awake,0
343,11.433,0.3202,awake,0
344,11.467,0.3159,awake,0
345,11.500,0.3267,awake,0
346,11.533,0.3227,awake,0
347,11.567,0.3187,awake,0
348,11.600,0.3167,awake,0
349,11.633,0.3160,awake,0
350,11.667,0.3240,awake,0
351,11.700,0.3183,awake,0
352,11.733,0.3206,awake,0
353,11.767,0.3178,awake,0
354,11.800,0.3208,awake,0
355,11.833,0.3177,awake,0
356,11.867,0.3210,awake,0
357,11.900,0.3170,awake,0
358,11.933,0.3209,awake,0
359,11.967,0.3200,awake,0
360,12.000,0.1666,awake,1
361,12.033,0.1634,awake,2
362,12.067,0.1628,awake,3
363,12.100,0.3134,awake,0
364,12.133,0.3121,awake,0
365,12.167,0.3192,awake,0
366,12.200,0.3153,awake,0
367,12.233,0.3215,awake,0
368,12.267,0.3240,awake,0
369,12.300,0.3146,awake,0
370,12.333,0.3080,awake,0
371,12.367,0.3124,awake,0
372,12.400,0.3133,awake,0
373,12.433,0.3073,awake,0
374,12.467,0.3119,awake,0
375,12.500,0.3136,awake,0
376,12.533,0.3103,awake,0
377,12.567,0.3087,awake,0
378,12.600,0.3083,awake,0
379,12.633,0.3181,awake,0
380,12.667,0.3100,awake,0
381,12.700,0.3069,awake,0
382,12.733,0.3083,awake,0
383,12.767,0.3132,awake,0
384,12.800,0.3062,awake,0
385,12.833,0.3105,awake,0
386,12.867,0.3110,awake,0
387,12.900,0.3107,awake,0
388,12.933,0.3129,awake,0
389,12.967,0.3046,awake,0
390,13.000,0.3109,awake,0
391,13.033,0.3028,awake,0
392,13.067,0.3039,awake,0
393,13.100,0.3098,awake,0
394,13.133,0.3079,awake,0
395,13.167,0.3041,awake,0
396,13.200,0.2989,awake,0
397,13.233,0.3055,awake,0
398,13.267,0.3002,awake,0
399,13.300,0.2986,awake,0
400,13.333,0.2992,awake,0
401,13.367,0.3023,awake,0
402,13.400,0.2924,awake,0
403,13.433,0.3019,awake,0
404,13.467,0.3007,awake,0
405,13.500,0.2972,awake,0
406,13.533,0.3032,awake,0
407,13.567,0.3010,awake,0
408,13.600,0.2957,awake,0
409,13.633,0.2950,awake,0
410,13.667,0.3000,awake,0
411,13.700,0.2906,awake,0
412,13.733,0.2949,awake,0
413,13.767,0.2933,awake,0
414,13.800,0.2956,awake,0
415,13.833,0.2957,awake,0
416,13.867,0.2946,awake,0
417,13.900,0.2985,awake,0
418,13.933,0.2945,awake,0
419,13.967,0.2918,awake,0
420,14.000,0.2878,awake,0
421,14.033,0.2951,awake,0
422,14.067,0.2939,awake,0
423,14.100,0.2972,awake,0
424,14.133,0.2880,awake,0
425,14.167,0.2907,awake,0
426,14.200,0.2899,awake,0
427,14.233,0.2894,awake,0
428,14.267,0.2894,awake,0
429,14.300,0.2821,awake,0
430,14.333,0.2919,awake,0
431,14.367,0.2908,awake,0
432,14.400,0.2923,awake,0
433,14.433,0.2964,awake,0
434,14.467,0.2858,awake,0
435,14.500,0.2866,awake,0
436,14.533,0.2864,awake,0
437,14.567,0.2938,awake,0
438,14.600,0.2788,awake,0
439,14.633,0.2873,awake,0
440,14.667,0.2792,awake,0
441,14.700,0.2744,awake,0
442,14.733,0.2764,awake,0
443,14.767,0.2787,awake,0
444,14.800,0.2882,awake,0
445,14.833,0.2802,awake,0
446,14.867,0.2825,awake,0
447,14.900,0.2785,awake,0
448,14.933,0.2853,awake,0
449,14.967,0.2782,awake,0
450,15.000,0.1377,awake,1
451,15.033,0.1282,awake,2
452,15.067,0.1289,awake,3
453,15.100,0.2823,awake,0
454,15.133,0.2817,awake,0
455,15.167,0.2871,awake,0
456,15.200,0.2817,awake,0
457,15.233,0.2763,awake,0
458,15.267,0.2787,awake,0
459,15.300,0.2785,awake,0
460,15.333,0.2836,awake,0
461,15.367,0.2821,awake,0
462,15.400,0.2800,awake,0
463,15.433,0.2838,awake,0
464,15.467,0.2782,awake,0
465,15.500,0.2797,awake,0
466,15.533,0.2809,awake,0
467,15.567,0.2862,awake,0
468,15.600,0.2797,awake,0
469,15.633,0.2786,awake,0
470,15.667,0.2758,awake,0
471,15.700,0.2827,awake,0
472,15.733,0.2777,awake,0
473,15.767,0.2814,awake,0
474,15.800,0.2724,awake,0
475,15.833,0.2842,awake,0
476,15.867,0.2748,awake,0
477,15.900,0.2771,awake,0
478,15.933,0.2845,awake,0
479,15.967,0.2750,awake,0
480,16.000,0.2801,awake,0
481,16.033,0.2808,awake,0
482,16.067,0.2766,awake,0
483,16.100,0.2861,awake,0
484,16.133,0.2869,awake,0
485,16.167,0.2731,awake,0
486,16.200,0.2754,awake,0
487,16.233,0.2846,awake,0
488,16.267,0.2763,awake,0
489,16.300,0.2801,awake,0
490,16.333,0.2824,awake,0
491,16.367,0.2849,awake,0
492,16.400,0.2814,awake,0
493,16.433,0.2829,awake,0
494,16.467,0.2796,awake,0
495,16.500,0.2882,awake,0
496,16.533,0.2813,awake,0
497,16.567,0.2849,awake,0
498,16.600,0.2817,awake,0
499,16.633,0.2845,awake,0
500,16.667,0.2837,awake,0
501,16.700,0.2840,awake,0
502,16.733,0.2809,awake,0
503,16.767,0.2884,awake,0
504,16.800,0.2912,awake,0
505,16.833,0.2869,awake,0
506,16.867,0.2892,awake,0
507,16.900,0.2899,awake,0
508,16.933,0.2906,awake,0
509,16.967,0.2885,awake,0
510,17.000,0.2885,awake,0
511,17.033,0.2915,awake,0
512,17.067,0.2887,awake,0
513,17.100,0.2849,awake,0
514,17.133,0.2893,awake,0
515,17.167,0.2820,awake,0
516,17.200,0.2899,awake,0
517,17.233,0.2920,awake,0
518,17.267,0.2957,awake,0
519,17.300,0.2918,awake,0
520,17.333,0.2953,awake,0
521,17.367,0.2920,awake,0
522,17.400,0.2884,awake,0
523,17.433,0.2873,awake,0
524,17.467,0.2895,awake,0
525,17.500,0.2883,awake,0
526,17.533,0.2968,awake,0
527,17.567,0.2938,awake,0
528,17.600,0.2974,awake,0
529,17.633,0.2959,awake,0
530,17.667,0.3002,awake,0
531,17.700,0.3007,awake,0
532,17.733,0.2944,awake,0
533,17.767,0.2963,awake,0
534,17.800,0.2957,awake,0
535,17.833,0.2919,awake,0
536,17.867,0.3015,awake,0
537,17.900,0.3040,awake,0
538,17.933,0.2997,awake,0
539,17.967,0.2982,awake,0
540,18.000,0.1550,awake,1
541,18.033,0.1418,awake,2
542,18.067,0.1523,awake,3
543,18.100,0.3026,awake,0
544,18.133,0.3002,awake,0
545,18.167,0.3086,awake,0
546,18.200,0.3073,awake,0
547,18.233,0.3029,awake,0
548,18.267,0.3040,awake,0
549,18.300,0.3033,awake,0
550,18.333,0.3032,awake,0
551,18.367,0.3005,awake,0
552,18.400,0.3117,awake,0
553,18.433,0.3107,awake,0
554,18.467,0.3102,awake,0
555,18.500,0.3031,awake,0
556,18.533,0.3162,awake,0
557,18.567,0.3163,awake,0
558,18.600,0.3095,awake,0
559,18.633,0.3056,awake,0
560,18.667,0.3061,awake,0
561,18.700,0.3117,awake,0
562,18.733,0.3067,awake,0
563,18.767,0.3107,awake,0
564,18.800,0.3155,awake,0
565,18.833,0.3055,awake,0
566,18.867,0.3200,awake,0
567,18.900,0.3186,awake,0
568,18.933,0.3077,awake,0
569,18.967,0.3074,awake,0
570,19.000,0.3123,awake,0
571,19.033,0.3096,awake,0
572,19.067,0.3130,awake,0
573,19.100,0.3041,awake,0
574,19.133,0.3138,awake,0
575,19.167,0.3222,awake,0
576,19.200,0.3109,awake,0
577,19.233,0.3145,awake,0
578,19.267,0.3100,awake,0
579,19.300,0.3187,awake,0
580,19.333,0.3156,awake,0
581,19.367,0.3245,awake,0
582,19.400,0.3178,awake,0
583,19.433,0.3157,awake,0
584,19.467,0.3197,awake,0
585,19.500,0.3156,awake,0
586,19.533,0.3125,awake,0
587,19.567,0.3193,awake,0
588,19.600,0.3176,awake,0
589,19.633,0.3191,awake,0
590,19.667,0.3201,awake,0
591,19.700,0.3168,awake,0
592,19.733,0.3206,awake,0
593,19.767,0.3261,awake,0
594,19.800,0.3148,awake,0
595,19.833,0.3263,awake,0
596,19.867,0.3185,awake,0
597,19.900,0.3165,awake,0
598,19.933,0.3294,awake,0
599,19.967,0.3204,awake,0
600,20.000,0.3253,awake,0
601,20.033,0.3231,awake,0
602,20.067,0.3132,awake,0
603,20.100,0.3204,awake,0
604,20.133,0.3179,awake,0
605,20.167,0.3146,awake,0
606,20.200,0.3129,awake,0
607,20.233,0.3204,awake,0
608,20.267,0.3223,awake,0
609,20.300,0.3215,awake,0
610,20.333,0.3187,awake,0
611,20.367,0.3167,awake,0
612,20.400,0.3158,awake,0
613,20.433,0.3175,awake,0
614,20.467,0.3155,awake,0
615,20.500,0.3187,awake,0
616,20.533,0.3194,awake,0
617,20.567,0.3157,awake,0
618,20.600,0.3183,awake,0
619,20.633,0.3160,awake,0
620,20.667,0.3189,awake,0
621,20.700,0.3208,awake,0
622,20.733,0.3193,awake,0
623,20.767,0.3203,awake,0
624,20.800,0.3116,awake,0
625,20.833,0.3165,awake,0
626,20.867,0.3189,awake,0
627,20.900,0.3202,awake,0
628,20.933,0.3110,awake,0
629,20.967,0.3178,awake,0
630,21.000,0.1717,awake,1
631,21.033,0.1659,awake,2
632,21.067,0.1660,awake,3
633,21.100,0.3179,awake,0
634,21.133,0.3168,awake,0
635,21.167,0.3183,awake,0
636,21.200,0.3155,awake,0
637,21.233,0.3156,awake,0
638,21.267,0.3115,awake,0
639,21.300,0.3136,awake,0
640,21.333,0.3190,awake,0
641,21.367,0.3128,awake,0
642,21.400,0.3126,awake,0
643,21.433,0.3110,awake,0
644,21.467,0.3157,awake,0
645,21.500,0.3088,awake,0
646,21.533,0.3155,awake,0
647,21.567,0.3077,awake,0
648,21.600,0.3069,awake,0
649,21.633,0.3115,awake,0
650,21.667,0.3108,awake,0
651,21.700,0.3111,awake,0
652,21.733,0.3137,awake,0
653,21.767,0.3074,awake,0
654,21.800,0.3104,awake,0
655,21.833,0.3046,awake,0
656,21.867,0.3128,awake,0
657,21.900,0.3099,awake,0
658,21.933,0.3091,awake,0
659,21.967,0.3073,awake,0
660,22.000,0.3029,awake,0
661,22.033,0.3043,awake,0
662,22.067,0.3072,awake,0
663,22.100,0.3046,awake,0
664,22.133,0.3048,awake,0
665,22.167,0.2984,awake,0
666,22.200,0.3041,awake,0
667,22.233,0.3001,awake,0
668,22.267,0.2981,awake,0
669,22.300,0.3013,awake,0
670,22.333,0.2941,awake,0
671,22.367,0.3038,awake,0
672,22.400,0.3040,awake,0
673,22.433,0.2999,awake,0
674,22.467,0.2957,awake,0
675,22.500,0.2954,awake,0
676,22.533,0.2981,awake,0
677,22.567,0.2885,awake,0
678,22.600,0.2985,awake,0
679,22.633,0.3000,awake,0
680,22.667,0.2956,awake,0
681,22.700,0.2944,awake,0
682,22.733,0.2966,awake,0
683,22.767,0.2969,awake,0
684,22.800,0.2994,awake,0
685,22.833,0.2946,awake,0
686,22.867,0.2914,awake,0
687,22.900,0.2918,awake,0
688,22.933,0.2940,awake,0
689,22.967,0.2990,awake,0
690,23.000,0.2911,awake,0
691,23.033,0.2877,awake,0
692,23.067,0.2880,awake,0
693,23.100,0.2827,awake,0
694,23.133,0.2920,awake,0
695,23.167,0.2848,awake,0
696,23.200,0.2849,awake,0
697,23.233,0.2816,awake,0
698,23.267,0.2846,awake,0
699,23.300,0.2909,awake,0
700,23.333,0.2830,awake,0
701,23.367,0.2809,awake,0
702,23.400,0.2883,awake,0
703,23.433,0.2858,awake,0
704,23.467,0.2886,awake,0
705,23.500,0.2894,awake,0
706,23.533,0.2861,awake,0
707,23.567,0.2806,awake,0
708,23.600,0.2850,awake,0
709,23.633,0.2872,awake,0
710,23.667,0.2825,awake,0
711,23.700,0.2788,awake,0
712,23.733,0.2887,awake,0
713,23.767,0.2823,awake,0
714,23.800,0.2821,awake,0
715,23.833,0.2835,awake,0
716,23.867,0.2873,awake,0
717,23.900,0.2840,awake,0
718,23.933,0.2814,awake,0
719,23.967,0.2852,awake,0
720,24.000,0.1408,awake,1
721,24.033,0.1376,awake,2
722,24.067,0.1345,awake,3
723,24.100,0.2772,awake,0
724,24.133,0.2965,awake,0
725,24.167,0.2765,awake,0
726,24.200,0.2796,awake,0
727,24.233,0.2782,awake,0
728,24.267,0.2874,awake,0
729,24.300,0.2824,awake,0
730,24.333,0.2749,awake,0
731,24.367,0.2816,awake,0
732,24.400,0.2826,awake,0
733,24.433,0.2790,awake,0
734,24.467,0.2754,awake,0
735,24.500,0.2773,awake,0
736,24.533,0.2784,awake,0
737,24.567,0.2802,awake,0
738,24.600,0.2780,awake,0
739,24.633,0.2830,awake,0
740,24.667,0.2762,awake,0
741,24.700,0.2731,awake,0
742,24.733,0.2771,awake,0
743,24.767,0.2854,awake,0
744,24.800,0.2778,awake,0
745,24.833,0.2895,awake,0
746,24.867,0.2821,awake,0
747,24.900,0.2756,awake,0
748,24.933,0.2770,awake,0
749,24.967,0.2814,awake,0
750,25.000,0.2758,awake,0
751,25.033,0.2901,awake,0
752,25.067,0.2767,awake,0
753,25.100,0.2836,awake,0
754,25.133,0.2868,awake,0
755,25.167,0.2807,awake,0
756,25.200,0.2773,awake,0
757,25.233,0.2804,awake,0
758,25.267,0.2831,awake,0
759,25.300,0.2853,awake,0
760,25.333,0.2823,awake,0
761,25.367,0.2766,awake,0
762,25.400,0.2826,awake,0
763,25.433,0.2800,awake,0
764,25.467,0.2742,awake,0
765,25.500,0.2804,awake,0
766,25.533,0.2777,awake,0
767,25.567,0.2860,awake,0
768,25.600,0.2917,awake,0
769,25.633,0.2917,awake,0
770,25.667,0.2823,awake,0
771,25.700,0.2830,awake,0
772,25.733,0.2879,awake,0
773,25.767,0.2897,awake,0
774,25.800,0.2841,awake,0
775,25.833,0.2856,awake,0
776,25.867,0.2953,awake,0
777,25.900,0.2864,awake,0
778,25.933,0.2852,awake,0
779,25.967,0.2880,awake,0
780,26.000,0.2902,awake,0
781,26.033,0.2842,awake,0
782,26.067,0.2877,awake,0
783,26.100,0.2844,awake,0
784,26.133,0.2883,awake,0
785,26.167,0.2973,awake,0
786,26.200,0.2932,awake,0
787,26.233,0.2903,awake,0
788,26.267,0.2873,awake,0
789,26.300,0.2902,awake,0
790,26.333,0.2961,awake,0
791,26.367,0.2901,awake,0
792,26.400,0.2986,awake,0
793,26.433,0.2877,awake,0
794,26.467,0.2925,awake,0
795,26.500,0.3011,awake,0
796,26.533,0.2865,awake,0
797,26.567,0.2997,awake,0
798,26.600,0.2880,awake,0
799,26.633,0.2955,awake,0
800,26.667,0.2957,awake,0
801,26.700,0.3001,awake,0
802,26.733,0.2847,awake,0
803,26.767,0.2901,awake,0
804,26.800,0.2959,awake,0
805,26.833,0.2988,awake,0
806,26.867,0.2956,awake,0
807,26.900,0.2987,awake,0
808,26.933,0.2953,awake,0
809,26.967,0.2989,awake,0
810,27.000,0.1476,awake,1
811,27.033,0.1525,awake,2
812,27.067,0.1543,awake,3
813,27.100,0.3081,awake,0
814,27.133,0.3002,awake,0
815,27.167,0.3021,awake,0
816,27.200,0.3040,awake,0
817,27.233,0.3031,awake,0
818,27.267,0.3045,awake,0
819,27.300,0.2989,awake,0
820,27.333,0.3071,awake,0
821,27.367,0.3024,awake,0
822,27.400,0.3027,awake,0
823,27.433,0.3006,awake,0
824,27.467,0.3120,awake,0
825,27.500,0.3072,awake,0
826,27.533,0.3128,awake,0
827,27.567,0.3097,awake,0
828,27.600,0.3023,awake,0
829,27.633,0.3051,awake,0
830,27.667,0.3129,awake,0
831,27.700,0.3072,awake,0
832,27.733,0.3063,awake,0
833,27.767,0.3104,awake,0
834,27.800,0.3108,awake,0
835,27.833,0.3078,awake,0
836,27.867,0.3109,awake,0
837,27.900,0.3107,awake,0
838,27.933,0.3026,awake,0
839,27.967,0.3153,awake,0
840,28.000,0.3104,awake,0
841,28.033,0.3192,awake,0
842,28.067,0.3097,awake,0
843,28.100,0.3083,awake,0
844,28.133,0.3197,awake,0
845,28.167,0.3089,awake,0
846,28.200,0.3130,awake,0
847,28.233,0.3182,awake,0
848,28.267,0.3148,awake,0
849,28.300,0.3098,awake,0
850,28.333,0.3174,awake,0
851,28.367,0.3161,awake,0
852,28.400,0.3223,awake,0
853,28.433,0.3197,awake,0
854,28.467,0.3298,awake,0
855,28.500,0.3112,awake,0
856,28.533,0.3179,awake,0
857,28.567,0.3140,awake,0
858,28.600,0.3230,awake,0
859,28.633,0.3219,awake,0
860,28.667,0.3218,awake,0
861,28.700,0.3158,awake,0
862,28.733,0.3161,awake,0
863,28.767,0.3111,awake,0
864,28.800,0.3262,awake,0
865,28.833,0.3215,awake,0
866,28.867,0.3185,awake,0
867,28.900,0.3234,awake,0
868,28.933,0.3227,awake,0
869,28.967,0.3237,awake,0
870,29.000,0.3134,awake,0
871,29.033,0.3171,awake,0
872,29.067,0.3207,awake,0
873,29.100,0.3214,awake,0
874,29.133,0.3238,awake,0
875,29.167,0.3160,awake,0
876,29.200,0.3205,awake,0
877,29.233,0.3288,awake,0
878,29.267,0.3227,awake,0
879,29.300,0.3234,awake,0
880,29.333,0.3198,awake,0
881,29.367,0.3229,awake,0
882,29.400,0.3270,awake,0
883,29.433,0.3201,awake,0
884,29.467,0.3245,awake,0
885,29.500,0.3160,awake,0
886,29.533,0.3217,awake,0
887,29.567,0.3229,awake,0
888,29.600,0.3161,awake,0
889,29.633,0.3234,awake,0
890,29.667,0.3161,awake,0
891,29.700,0.3154,awake,0
892,29.733,0.3185,awake,0
893,29.767,0.3260,awake,0
894,29.800,0.3193,awake,0
895,29.833,0.3216,awake,0
896,29.867,0.3148,awake,0
897,29.900,0.3178,awake,0
898,29.933,0.3125,awake,0
899,29.967,0.3147,awake,0
900,30.000,0.1701,awake,1
901,30.033,0.1663,awake,2
902,30.067,0.1720,awake,3
903,30.100,0.3151,awake,0
904,30.133,0.3148,awake,0
905,30.167,0.3205,awake,0
906,30.200,0.3124,awake,0
907,30.233,0.3087,awake,0
908,30.267,0.3196,awake,0
909,30.300,0.3157,awake,0
910,30.333,0.3051,awake,0
911,30.367,0.3136,awake,0
912,30.400,0.3114,awake,0
913,30.433,0.3197,awake,0
914,30.467,0.3094,awake,0
915,30.500,0.3096,awake,0
916,30.533,0.3079,awake,0
917,30.567,0.3070,awake,0
918,30.600,0.3080,awake,0
919,30.633,0.3047,awake,0
920,30.667,0.3059,awake,0
921,30.700,0.3032,awake,0
922,30.733,0.3032,awake,0
923,30.767,0.3025,awake,0
924,30.800,0.3063,awake,0
925,30.833,0.3052,awake,0
926,30.867,0.3026,awake,0
927,30.900,0.3090,awake,0
928,30.933,0.3064,awake,0
929,30.967,0.3045,awake,0
930,31.000,0.3039,awake,0
931,31.033,0.3117,awake,0
932,31.067,0.3058,awake,0
933,31.100,0.3063,awake,0
934,31.133,0.2936,awake,0
935,31.167,0.3009,awake,0
936,31.200,0.2943,awake,0
937,31.233,0.3008,awake,0
938,31.267,0.3036,awake,0
939,31.300,0.2989,awake,0
940,31.333,0.3032,awake,0
941,31.367,0.2966,awake,0
942,31.400,0.3025,awake,0
943,31.433,0.2935,awake,0
944,31.467,0.2982,awake,0
945,31.500,0.3005,awake,0
946,31.533,0.3005,awake,0
947,31.567,0.2974,awake,0
948,31.600,0.3052,awake,0
949,31.633,0.2953,awake,0
950,31.667,0.2947,awake,0
951,31.700,0.2850,awake,0
952,31.733,0.3027,awake,0
953,31.767,0.2937,awake,0
954,31.800,0.2900,awake,0
955,31.833,0.2995,awake,0
956,31.867,0.2987,awake,0
957,31.900,0.2938,awake,0
958,31.933,0.2872,awake,0
959,31.967,0.2942,awake,0
960,32.000,0.2896,awake,0
961,32.033,0.2869,awake,0
962,32.067,0.2954,awake,0
963,32.100,0.2823,awake,0
964,32.133,0.2926,awake,0
965,32.167,0.2918,awake,0
966,32.200,0.2978,awake,0
967,32.233,0.2905,awake,0
968,32.267,0.2805,awake,0
969,32.300,0.2851,awake,0
970,32.333,0.2883,awake,0
971,32.367,0.2891,awake,0
972,32.400,0.2912,awake,0
973,32.433,0.2791,awake,0
974,32.467,0.2853,awake,0
975,32.500,0.2901,awake,0
976,32.533,0.2921,awake,0
977,32.567,0.2930,awake,0
978,32.600,0.2837,awake,0
979,32.633,0.2893,awake,0
980,32.667,0.2915,awake,0
981,32.700,0.2891,awake,0
982,32.733,0.2870,awake,0
983,32.767,0.2871,awake,0
984,32.800,0.2804,awake,0
985,32.833,0.2775,awake,0
986,32.867,0.2869,awake,0
987,32.900,0.2814,awake,0
988,32.933,0.2824,awake,0
989,32.967,0.2800,awake,0
990,33.000,0.1305,awake,1
991,33.033,0.1328,awake,2
992,33.067,0.1276,awake,3
993,33.100,0.2818,awake,0
994,33.133,0.2823,awake,0
995,33.167,0.2809,awake,0
996,33.200,0.2781,awake,0
997,33.233,0.2840,awake,0
998,33.267,0.2882,awake,0
999,33.300,0.2782,awake,0
1000,33.333,0.2855,awake,0
1001,33.367,0.2840,awake,0
1002,33.400,0.2697,awake,0
1003,33.433,0.2772,awake,0
1004,33.467,0.2776,awake,0
1005,33.500,0.2833,awake,0
1006,33.533,0.2808,awake,0
1007,33.567,0.2819,awake,0
1008,33.600,0.2826,awake,0
1009,33.633,0.2764,awake,0
1010,33.667,0.2770,awake,0
1011,33.700,0.2751,awake,0
1012,33.733,0.2793,awake,0
1013,33.767,0.2796,awake,0
1014,33.800,0.2808,awake,0
1015,33.833,0.2772,awake,0
1016,33.867,0.2838,awake,0
1017,33.900,0.2840,awake,0
1018,33.933,0.2866,awake,0
1019,33.967,0.2833,awake,0
1020,34.000,0.2813,awake,0
1021,34.033,0.2834,awake,0
1022,34.067,0.2832,awake,0
1023,34.100,0.2783,awake,0
1024,34.133,0.2862,awake,0
1025,34.167,0.2881,awake,0
1026,34.200,0.2893,awake,0
1027,34.233,0.2817,awake,0
1028,34.267,0.2831,awake,0
1029,34.300,0.2836,awake,0
1030,34.333,0.2822,awake,0
1031,34.367,0.2849,awake,0
1032,34.400,0.2821,awake,0
1033,34.433,0.2821,awake,0
1034,34.467,0.2901,awake,0
1035,34.500,0.2840,awake,0
1036,34.533,0.2839,awake,0
1037,34.567,0.2874,awake,0
1038,34.600,0.2848,awake,0
1039,34.633,0.2856,awake,0
1040,34.667,0.2845,awake,0
1041,34.700,0.2802,awake,0
1042,34.733,0.2853,awake,0
1043,34.767,0.2812,awake,0
1044,34.800,0.2869,awake,0
1045,34.833,0.2817,awake,0
1046,34.867,0.2904,awake,0
1047,34.900,0.2901,awake,0
1048,34.933,0.2886,awake,0
1049,34.967,0.2874,awake,0
1050,35.000,0.1698,awake,1
1051,35.033,0.1607,awake,2
1052,35.067,0.1646,awake,3
1053,35.100,0.1687,awake,4
1054,35.133,0.1711,awake,5
1055,35.167,0.1698,awake,6
1056,35.200,0.1665,awake,7
1057,35.233,0.1715,awake,8
1058,35.267,0.1696,awake,9
1059,35.300,0.1675,awake,10
1060,35.333,0.1735,awake,11
1061,35.367,0.1718,awake,12
1062,35.400,0.1779,awake,13
1063,35.433,0.1762,awake,14
1064,35.467,0.1769,awake,15
1065,35.500,0.1757,awake,16
1066,35.533,0.1715,awake,17
1067,35.567,0.1716,awake,18
1068,35.600,0.1699,awake,19
1069,35.633,0.1878,drowsy,20
1070,35.667,0.1724,drowsy,21
1071,35.700,0.1763,drowsy,22
1072,35.733,0.1762,drowsy,23
1073,35.767,0.1770,drowsy,24
1074,35.800,0.1762,drowsy,25
1075,35.833,0.1715,drowsy,26
1076,35.867,0.1755,drowsy,27
1077,35.900,0.1744,drowsy,28
1078,35.933,0.1799,drowsy,29
1079,35.967,0.1781,drowsy,30
1080,36.000,0.0500,drowsy,31
1081,36.033,0.0500,drowsy,32
1082,36.067,0.0500,drowsy,33
1083,36.100,0.1865,drowsy,34
1084,36.133,0.1817,drowsy,35
1085,36.167,0.1846,drowsy,36
1086,36.200,0.1788,drowsy,37
1087,36.233,0.1872,drowsy,38
1088,36.267,0.1834,drowsy,39
1089,36.300,0.1871,drowsy,40
1090,36.333,0.1872,drowsy,41
1091,36.367,0.1857,drowsy,42
1092,36.400,0.1877,drowsy,43
1093,36.433,0.1857,drowsy,44
1094,36.467,0.1931,drowsy,45
1095,36.500,0.1918,drowsy,46
1096,36.533,0.1905,drowsy,47
1097,36.567,0.1842,drowsy,48
1098,36.600,0.1850,drowsy,49
1099,36.633,0.1871,drowsy,50
1100,36.667,0.1892,drowsy,51
1101,36.700,0.1924,drowsy,52
1102,36.733,0.1874,drowsy,53
1103,36.767,0.1961,drowsy,54
1104,36.800,0.1918,drowsy,55
1105,36.833,0.1841,drowsy,56
1106,36.867,0.1906,drowsy,57
1107,36.900,0.1825,drowsy,58
1108,36.933,0.1902,drowsy,59
1109,36.967,0.1913,drowsy,60
1110,37.000,0.1914,drowsy,61
1111,37.033,0.1929,drowsy,62
1112,37.067,0.1930,drowsy,63
1113,37.100,0.1925,drowsy,64
1114,37.133,0.2012,drowsy,65
1115,37.167,0.2003,drowsy,66
1116,37.200,0.1912,drowsy,67
1117,37.233,0.2011,drowsy,68
1118,37.267,0.1898,drowsy,69
1119,37.300,0.1933,drowsy,70
1120,37.333,0.2029,drowsy,71
1121,37.367,0.1881,drowsy,72
1122,37.400,0.1996,drowsy,73
1123,37.433,0.1925,drowsy,74
1124,37.467,0.1972,drowsy,75
1125,37.500,0.1973,drowsy,76
1126,37.533,0.2050,drowsy,77
1127,37.567,0.1951,drowsy,78
1128,37.600,0.1983,drowsy,79
1129,37.633,0.2012,drowsy,80
1130,37.667,0.1979,drowsy,81
1131,37.700,0.1957,drowsy,82
1132,37.733,0.1989,drowsy,83
1133,37.767,0.1997,drowsy,84
1134,37.800,0.2029,drowsy,85
1135,37.833,0.1957,drowsy,86
1136,37.867,0.1978,drowsy,87
1137,37.900,0.2010,drowsy,88
1138,37.933,0.1991,drowsy,89
1139,37.967,0.1991,drowsy,90
1140,38.000,0.1998,drowsy,91
1141,38.033,0.1972,drowsy,92
1142,38.067,0.1968,drowsy,93
1143,38.100,0.2018,drowsy,94
1144,38.133,0.1956,drowsy,95
1145,38.167,0.2047,drowsy,96
1146,38.200,0.2009,drowsy,97
1147,38.233,0.1949,drowsy,98
1148,38.267,0.2011,drowsy,99
1149,38.300,0.2006,drowsy,100
1150,38.333,0.2029,drowsy,101
1151,38.367,0.2044,drowsy,102
1152,38.400,0.1982,drowsy,103
1153,38.433,0.1968,drowsy,104
1154,38.467,0.1971,drowsy,105
1155,38.500,0.1955,drowsy,106
1156,38.533,0.1963,drowsy,107
1157,38.567,0.2003,drowsy,108
1158,38.600,0.1991,drowsy,109
1159,38.633,0.1969,drowsy,110
1160,38.667,0.1957,drowsy,111
1161,38.700,0.1999,drowsy,112
1162,38.733,0.1963,drowsy,113
1163,38.767,0.1940,drowsy,114
1164,38.800,0.1973,drowsy,115
1165,38.833,0.1967,drowsy,116
1166,38.867,0.1932,drowsy,117
1167,38.900,0.2006,drowsy,118
1168,38.933,0.2004,drowsy,119
1169,38.967,0.1970,drowsy,120
1170,39.000,0.0500,drowsy,121
1171,39.033,0.0500,drowsy,122
1172,39.067,0.0500,drowsy,123
1173,39.100,0.1993,drowsy,124
1174,39.133,0.2021,drowsy,125
1175,39.167,0.1954,drowsy,126
1176,39.200,0.1966,drowsy,127
1177,39.233,0.1980,drowsy,128
1178,39.267,0.1928,drowsy,129
1179,39.300,0.1893,drowsy,130
1180,39.333,0.1971,drowsy,131
1181,39.367,0.1869,drowsy,132
1182,39.400,0.2000,drowsy,133
1183,39.433,0.1959,drowsy,134
1184,39.467,0.1928,drowsy,135
1185,39.500,0.1919,drowsy,136
1186,39.533,0.1983,drowsy,137
1187,39.567,0.1871,drowsy,138
1188,39.600,0.1859,drowsy,139
1189,39.633,0.1877,drowsy,140
1190,39.667,0.1887,drowsy,141
1191,39.700,0.1853,drowsy,142
1192,39.733,0.1895,drowsy,143
1193,39.767,0.1890,drowsy,144
1194,39.800,0.1848,drowsy,145
1195,39.833,0.1940,drowsy,146
1196,39.867,0.1816,drowsy,147
1197,39.900,0.1816,drowsy,148
1198,39.933,0.1878,drowsy,149
1199,39.967,0.1850,drowsy,150
1200,40.000,0.1871,drowsy,151
1201,40.033,0.1825,drowsy,152
1202,40.067,0.1804,drowsy,153
1203,40.100,0.1815,drowsy,154
1204,40.133,0.1809,drowsy,155
1205,40.167,0.1852,drowsy,156
1206,40.200,0.1808,drowsy,157
1207,40.233,0.1853,drowsy,158
1208,40.267,0.1841,drowsy,159
1209,40.300,0.1854,drowsy,160
1210,40.333,0.1844,drowsy,161
1211,40.367,0.1835,drowsy,162
1212,40.400,0.1830,drowsy,163
1213,40.433,0.1774,drowsy,164
1214,40.467,0.1779,drowsy,165
1215,40.500,0.1712,drowsy,166
1216,40.533,0.1792,drowsy,167
1217,40.567,0.1749,drowsy,168
1218,40.600,0.1787,drowsy,169
1219,40.633,0.1787,drowsy,170
1220,40.667,0.1708,drowsy,171
1221,40.700,0.1717,drowsy,172
1222,40.733,0.1739,drowsy,173
1223,40.767,0.1727,drowsy,174
1224,40.800,0.1750,drowsy,175
1225,40.833,0.1693,drowsy,176
1226,40.867,0.1737,drowsy,177
1227,40.900,0.1663,drowsy,178
1228,40.933,0.1640,drowsy,179
1229,40.967,0.1750,drowsy,180
1230,41.000,0.1665,drowsy,181
1231,41.033,0.2891,awake,0
1232,41.067,0.2852,awake,0
1233,41.100,0.2849,awake,0
1234,41.133,0.2885,awake,0
1235,41.167,0.2880,awake,0
1236,41.200,0.2932,awake,0
1237,41.233,0.2907,awake,0
1238,41.267,0.2875,awake,0
1239,41.300,0.2912,awake,0
1240,41.333,0.2922,awake,0
1241,41.367,0.2890,awake,0
1242,41.400,0.2854,awake,0
1243,41.433,0.2908,awake,0
1244,41.467,0.2934,awake,0
1245,41.500,0.2886,awake,0
1246,41.533,0.2927,awake,0
1247,41.567,0.2891,awake,0
1248,41.600,0.2884,awake,0
1249,41.633,0.2804,awake,0
1250,41.667,0.2800,awake,0
1251,41.700,0.2839,awake,0
1252,41.733,0.2772,awake,0
1253,41.767,0.2812,awake,0
1254,41.800,0.2868,awake,0
1255,41.833,0.2804,awake,0
1256,41.867,0.2850,awake,0
1257,41.900,0.2772,awake,0
1258,41.933,0.2804,awake,0
1259,41.967,0.2862,awake,0
1260,42.000,0.1328,awake,1
1261,42.033,0.1329,awake,2
1262,42.067,0.1384,awake,3
1263,42.100,0.2866,awake,0
1264,42.133,0.2777,awake,0
1265,42.167,0.2863,awake,0
1266,42.200,0.2785,awake,0
1267,42.233,0.2807,awake,0
1268,42.267,0.2807,awake,0
1269,42.300,0.2848,awake,0
1270,42.333,0.2759,awake,0
1271,42.367,0.2822,awake,0
1272,42.400,0.2824,awake,0
1273,42.433,0.2834,awake,0
1274,42.467,0.2793,awake,0
1275,42.500,0.2841,awake,0
1276,42.533,0.2772,awake,0
1277,42.567,0.2846,awake,0
1278,42.600,0.2814,awake,0
1279,42.633,0.2744,awake,0
1280,42.667,0.2816,awake,0
1281,42.700,0.2807,awake,0
1282,42.733,0.2786,awake,0
1283,42.767,0.2771,awake,0
1284,42.800,0.2792,awake,0
1285,42.833,0.2744,awake,0
1286,42.867,0.2870,awake,0
1287,42.900,0.2758,awake,0
1288,42.933,0.2778,awake,0
1289,42.967,0.2851,awake,0
1290,43.000,0.2830,awake,0
1291,43.033,0.2836,awake,0
1292,43.067,0.2870,awake,0
1293,43.100,0.2798,awake,0
1294,43.133,0.2770,awake,0
1295,43.167,0.2847,awake,0
1296,43.200,0.2847,awake,0
1297,43.233,0.2804,awake,0
1298,43.267,0.2769,awake,0
1299,43.300,0.2871,awake,0
1300,43.333,0.2846,awake,0
1301,43.367,0.2771,awake,0
1302,43.400,0.2859,awake,0
1303,43.433,0.2773,awake,0
1304,43.467,0.2814,awake,0
1305,43.500,0.2791,awake,0
1306,43.533,0.2813,awake,0
1307,43.567,0.2808,awake,0
1308,43.600,0.2819,awake,0
1309,43.633,0.2876,awake,0
1310,43.667,0.2862,awake,0
1311,43.700,0.2878,awake,0
1312,43.733,0.2900,awake,0
1313,43.767,0.2845,awake,0
1314,43.800,0.2866,awake,0
1315,43.833,0.2888,awake,0
1316,43.867,0.2938,awake,0
1317,43.900,0.2909,awake,0
1318,43.933,0.2932,awake,0
1319,43.967,0.2921,awake,0
1320,44.000,0.2927,awake,0
1321,44.033,0.2817,awake,0
1322,44.067,0.2927,awake,0
1323,44.100,0.2905,awake,0
1324,44.133,0.2902,awake,0
1325,44.167,0.2883,awake,0
1326,44.200,0.2891,awake,0
1327,44.233,0.2929,awake,0
1328,44.267,0.2950,awake,0
1329,44.300,0.2861,awake,0
1330,44.333,0.2934,awake,0
1331,44.367,0.2907,awake,0
1332,44.400,0.2896,awake,0
1333,44.433,0.2954,awake,0
1334,44.467,0.2930,awake,0
1335,44.500,0.2921,awake,0
1336,44.533,0.2921,awake,0
1337,44.567,0.2968,awake,0
1338,44.600,0.2961,awake,0
1339,44.633,0.2922,awake,0
1340,44.667,0.2937,awake,0
1341,44.700,0.2968,awake,0
1342,44.733,0.2996,awake,0
1343,44.767,0.2942,awake,0
1344,44.800,0.3008,awake,0
1345,44.833,0.2961,awake,0
1346,44.867,0.3107,awake,0
1347,44.900,0.2965,awake,0
1348,44.933,0.2976,awake,0
1349,44.967,0.3020,awake,0
1350,45.000,0.1481,awake,1
1351,45.033,0.1555,awake,2
1352,45.067,0.1598,awake,3
1353,45.100,0.3015,awake,0
1354,45.133,0.3042,awake,0
1355,45.167,0.3019,awake,0
1356,45.200,0.3044,awake,0
1357,45.233,0.3106,awake,0
1358,45.267,0.3089,awake,0
1359,45.300,0.3022,awake,0
1360,45.333,0.3124,awake,0
1361,45.367,0.3113,awake,0
1362,45.400,0.3091,awake,0
1363,45.433,0.3049,awake,0
1364,45.467,0.3082,awake,0
1365,45.500,0.3052,awake,0
1366,45.533,0.3107,awake,0
1367,45.567,0.3080,awake,0
1368,45.600,0.3007,awake,0
1369,45.633,0.3138,awake,0
1370,45.667,0.3112,awake,0
1371,45.700,0.3152,awake,0
1372,45.733,0.3107,awake,0
1373,45.767,0.3124,awake,0
1374,45.800,0.3165,awake,0
1375,45.833,0.3139,awake,0
1376,45.867,0.3139,awake,0
1377,45.900,0.3260,awake,0
1378,45.933,0.3128,awake,0
1379,45.967,0.3145,awake,0
1380,46.000,0.3211,awake,0
1381,46.033,0.3112,awake,0
1382,46.067,0.3106,awake,0
1383,46.100,0.3094,awake,0
1384,46.133,0.3175,awake,0
1385,46.167,0.3182,awake,0
1386,46.200,0.3189,awake,0
1387,46.233,0.3108,awake,0
1388,46.267,0.3205,awake,0
1389,46.300,0.3216,awake,0
1390,46.333,0.3166,awake,0
1391,46.367,0.3174,awake,0
1392,46.400,0.3202,awake,0
1393,46.433,0.3192,awake,0
1394,46.467,0.3205,awake,0
1395,46.500,0.3138,awake,0
1396,46.533,0.3176,awake,0
1397,46.567,0.3136,awake,0
1398,46.600,0.3212,awake,0
1399,46.633,0.3210,awake,0
1400,46.667,0.3186,awake,0
1401,46.700,0.3203,awake,0
1402,46.733,0.3130,awake,0
1403,46.767,0.3228,awake,0
1404,46.800,0.3176,awake,0
1405,46.833,0.3201,awake,0
1406,46.867,0.3241,awake,0
1407,46.900,0.3167,awake,0
1408,46.933,0.3246,awake,0
1409,46.967,0.3204,awake,0
1410,47.000,0.3200,awake,0
1411,47.033,0.3222,awake,0
1412,47.067,0.3150,awake,0
1413,47.100,0.3224,awake,0
1414,47.133,0.3202,awake,0
1415,47.167,0.3241,awake,0
1416,47.200,0.3191,awake,0
1417,47.233,0.3185,awake,0
1418,47.267,0.3214,awake,0
1419,47.300,0.3196,awake,0
1420,47.333,0.3151,awake,0
1421,47.367,0.3189,awake,0
1422,47.400,0.3247,awake,0
1423,47.433,0.3192,awake,0
1424,47.467,0.3159,awake,0
1425,47.500,0.3222,awake,0
1426,47.533,0.3118,awake,0
1427,47.567,0.3106,awake,0
1428,47.600,0.3189,awake,0
1429,47.633,0.3195,awake,0
1430,47.667,0.3195,awake,0
1431,47.700,0.3148,awake,0
1432,47.733,0.3176,awake,0
1433,47.767,0.3124,awake,0
1434,47.800,0.3187,awake,0
1435,47.833,0.3111,awake,0
1436,47.867,0.3168,awake,0
1437,47.900,0.3182,awake,0
1438,47.933,0.3098,awake,0
1439,47.967,0.3145,awake,0
1440,48.000,0.1695,awake,1
1441,48.033,0.1723,awake,2
1442,48.067,0.1598,awake,3
1443,48.100,0.3169,awake,0
1444,48.133,0.3103,awake,0
1445,48.167,0.3095,awake,0
1446,48.200,0.3210,awake,0
1447,48.233,0.3169,awake,0
1448,48.267,0.3107,awake,0
1449,48.300,0.3145,awake,0
1450,48.333,0.3158,awake,0
1451,48.367,0.3136,awake,0
1452,48.400,0.3215,awake,0
1453,48.433,0.3146,awake,0
1454,48.467,0.2998,awake,0
1455,48.500,0.3103,awake,0
1456,48.533,0.3081,awake,0
1457,48.567,0.3098,awake,0
1458,48.600,0.3103,awake,0
1459,48.633,0.3072,awake,0
1460,48.667,0.3051,awake,0
1461,48.700,0.3145,awake,0
1462,48.733,0.3110,awake,0
1463,48.767,0.3055,awake,0
1464,48.800,0.3105,awake,0
1465,48.833,0.3100,awake,0
1466,48.867,0.3119,awake,0
1467,48.900,0.3022,awake,0
1468,48.933,0.3091,awake,0
1469,48.967,0.3031,awake,0
1470,49.000,0.3097,awake,0
1471,49.033,0.3039,awake,0
1472,49.067,0.2951,awake,0
1473,49.100,0.3039,awake,0
1474,49.133,0.2961,awake,0
1475,49.167,0.3019,awake,0
1476,49.200,0.3021,awake,0
1477,49.233,0.3003,awake,0
1478,49.267,0.2955,awake,0
1479,49.300,0.2965,awake,0
1480,49.333,0.2971,awake,0
1481,49.367,0.2990,awake,0
1482,49.400,0.3047,awake,0
1483,49.433,0.3019,awake,0
1484,49.467,0.2967,awake,0
1485,49.500,0.3032,awake,0
1486,49.533,0.2922,awake,0
1487,49.567,0.3000,awake,0
1488,49.600,0.2961,awake,0
1489,49.633,0.2973,awake,0
1490,49.667,0.2984,awake,0
1491,49.700,0.2927,awake,0
1492,49.733,0.2981,awake,0
1493,49.767,0.2945,awake,0
1494,49.800,0.3037,awake,0
1495,49.833,0.2924,awake,0
1496,49.867,0.2982,awake,0
1497,49.900,0.2953,awake,0
1498,49.933,0.2876,awake,0
1499,49.967,0.2973,awake,0
1500,50.000,0.2872,awake,0
1501,50.033,0.2821,awake,0
1502,50.067,0.2940,awake,0
1503,50.100,0.2945,awake,0
1504,50.133,0.2900,awake,0
1505,50.167,0.2883,awake,0
1506,50.200,0.2953,awake,0
1507,50.233,0.2915,awake,0
1508,50.267,0.2856,awake,0
1509,50.300,0.2908,awake,0
1510,50.333,0.2825,awake,0
1511,50.367,0.2849,awake,0
1512,50.400,0.2826,awake,0
1513,50.433,0.2776,awake,0
1514,50.467,0.2814,awake,0
1515,50.500,0.2906,awake,0
1516,50.533,0.2810,awake,0
1517,50.567,0.2829,awake,0
1518,50.600,0.2802,awake,0
1519,50.633,0.2880,awake,0
1520,50.667,0.2842,awake,0
1521,50.700,0.2859,awake,0
1522,50.733,0.2832,awake,0
1523,50.767,0.2787,awake,0
1524,50.800,0.2792,awake,0
1525,50.833,0.2862,awake,0
1526,50.867,0.2824,awake,0
1527,50.900,0.2855,awake,0
1528,50.933,0.2696,awake,0
1529,50.967,0.2864,awake,0
1530,51.000,0.1298,awake,1
1531,51.033,0.1403,awake,2
1532,51.067,0.1294,awake,3
1533,51.100,0.2814,awake,0
1534,51.133,0.2838,awake,0
1535,51.167,0.2775,awake,0
1536,51.200,0.2843,awake,0
1537,51.233,0.2781,awake,0
1538,51.267,0.2857,awake,0
1539,51.300,0.2836,awake,0
1540,51.333,0.2824,awake,0
1541,51.367,0.2774,awake,0
1542,51.400,0.2794,awake,0
1543,51.433,0.2814,awake,0
1544,51.467,0.2720,awake,0
1545,51.500,0.2779,awake,0
1546,51.533,0.2838,awake,0
1547,51.567,0.2749,awake,0
1548,51.600,0.2851,awake,0
1549,51.633,0.2775,awake,0
1550,51.667,0.2813,awake,0
1551,51.700,0.2754,awake,0
1552,51.733,0.2820,awake,0
1553,51.767,0.2820,awake,0
1554,51.800,0.2847,awake,0
1555,51.833,0.2857,awake,0
1556,51.867,0.2853,awake,0
1557,51.900,0.2812,awake,0
1558,51.933,0.2756,awake,0
1559,51.967,0.2859,awake,0
1560,52.000,0.2755,awake,0
1561,52.033,0.2791,awake,0
1562,52.067,0.2840,awake,0
1563,52.100,0.2829,awake,0
1564,52.133,0.2877,awake,0
1565,52.167,0.2815,awake,0
1566,52.200,0.2749,awake,0
1567,52.233,0.2808,awake,0
1568,52.267,0.2828,awake,0
1569,52.300,0.2809,awake,0
1570,52.333,0.2881,awake,0
1571,52.367,0.2817,awake,0
1572,52.400,0.2772,awake,0
1573,52.433,0.2851,awake,0
1574,52.467,0.2789,awake,0
1575,52.500,0.2905,awake,0
1576,52.533,0.2851,awake,0
1577,52.567,0.2787,awake,0
1578,52.600,0.2889,awake,0
1579,52.633,0.2944,awake,0
1580,52.667,0.2772,awake,0
1581,52.700,0.2891,awake,0
1582,52.733,0.2878,awake,0
1583,52.767,0.2869,awake,0
1584,52.800,0.2879,awake,0
1585,52.833,0.2888,awake,0
1586,52.867,0.2845,awake,0
1587,52.900,0.2932,awake,0
1588,52.933,0.2826,awake,0
1589,52.967,0.2962,awake,0
1590,53.000,0.2948,awake,0
1591,53.033,0.2844,awake,0
1592,53.067,0.2895,awake,0
1593,53.100,0.2956,awake,0
1594,53.133,0.2883,awake,0
1595,53.167,0.2901,awake,0
1596,53.200,0.2895,awake,0
1597,53.233,0.2962,awake,0
1598,53.267,0.2896,awake,0
1599,53.300,0.2924,awake,0
1600,53.333,0.2950,awake,0
1601,53.367,0.2925,awake,0
1602,53.400,0.2903,awake,0
1603,53.433,0.2888,awake,0
1604,53.467,0.2885,awake,0
1605,53.500,0.2903,awake,0
1606,53.533,0.2886,awake,0
1607,53.567,0.2931,awake,0
1608,53.600,0.2976,awake,0
1609,53.633,0.2971,awake,0
1610,53.667,0.2941,awake,0
1611,53.700,0.2938,awake,0
1612,53.733,0.2943,awake,0
1613,53.767,0.2932,awake,0
1614,53.800,0.2943,awake,0
1615,53.833,0.3025,awake,0
1616,53.867,0.2945,awake,0
1617,53.900,0.3007,awake,0
1618,53.933,0.2986,awake,0
1619,53.967,0.3113,awake,0
1620,54.000,0.1448,awake,1
1621,54.033,0.1533,awake,2
1622,54.067,0.1516,awake,3
1623,54.100,0.3003,awake,0
1624,54.133,0.3051,awake,0
1625,54.167,0.3049,awake,0
1626,54.200,0.3005,awake,0
1627,54.233,0.3069,awake,0
1628,54.267,0.3072,awake,0
1629,54.300,0.3114,awake,0
1630,54.333,0.3041,awake,0
1631,54.367,0.3129,awake,0
1632,54.400,0.3066,awake,0
1633,54.433,0.3000,awake,0
1634,54.467,0.3104,awake,0
1635,54.500,0.3084,awake,0
1636,54.533,0.3056,awake,0
1637,54.567,0.3133,awake,0
1638,54.600,0.3081,awake,0
1639,54.633,0.3144,awake,0
1640,54.667,0.3104,awake,0
1641,54.700,0.3141,awake,0
1642,54.733,0.3142,awake,0
1643,54.767,0.3138,awake,0
1644,54.800,0.3081,awake,0
1645,54.833,0.3163,awake,0
1646,54.867,0.3131,awake,0
1647,54.900,0.3214,awake,0
1648,54.933,0.3156,awake,0
1649,54.967,0.3170,awake,0
1650,55.000,0.3113,awake,0
1651,55.033,0.3131,awake,0
1652,55.067,0.3154,awake,0
1653,55.100,0.3106,awake,0
1654,55.133,0.3109,awake,0
1655,55.167,0.3154,awake,0
1656,55.200,0.3159,awake,0
1657,55.233,0.3172,awake,0
1658,55.267,0.3212,awake,0
1659,55.300,0.3153,awake,0
1660,55.333,0.3199,awake,0
1661,55.367,0.3168,awake,0
1662,55.400,0.3169,awake,0
1663,55.433,0.3189,awake,0
1664,55.467,0.3098,awake,0
1665,55.500,0.3185,awake,0
1666,55.533,0.3159,awake,0
1667,55.567,0.3149,awake,0
1668,55.600,0.3112,awake,0
1669,55.633,0.3172,awake,0
1670,55.667,0.3116,awake,0
1671,55.700,0.3227,awake,0
1672,55.733,0.3184,awake,0
1673,55.767,0.3127,awake,0
1674,55.800,0.3169,awake,0
1675,55.833,0.3227,awake,0
1676,55.867,0.3174,awake,0
1677,55.900,0.3187,awake,0
1678,55.933,0.3184,awake,0
1679,55.967,0.3194,awake,0
1680,56.000,0.3132,awake,0
1681,56.033,0.3198,awake,0
1682,56.067,0.3178,awake,0
1683,56.100,0.3318,awake,0
1684,56.133,0.3191,awake,0
1685,56.167,0.3182,awake,0
1686,56.200,0.3239,awake,0
1687,56.233,0.3193,awake,0
1688,56.267,0.3209,awake,0
1689,56.300,0.3163,awake,0
1690,56.333,0.3260,awake,0
1691,56.367,0.3171,awake,0
1692,56.400,0.3211,awake,0
1693,56.433,0.3240,awake,0
1694,56.467,0.3181,awake,0
1695,56.500,0.3192,awake,0
1696,56.533,0.3214,awake,0
1697,56.567,0.3217,awake,0
1698,56.600,0.3144,awake,0
1699,56.633,0.3193,awake,0
1700,56.667,0.3147,awake,0
1701,56.700,0.3153,awake,0
1702,56.733,0.3155,awake,0
1703,56.767,0.3227,awake,0
1704,56.800,0.3240,awake,0
1705,56.833,0.3278,awake,0
1706,56.867,0.3170,awake,0
1707,56.900,0.3136,awake,0
1708,56.933,0.3128,awake,0
1709,56.967,0.3229,awake,0
1710,57.000,0.1600,awake,1
1711,57.033,0.1646,awake,2
1712,57.067,0.1633,awake,3
1713,57.100,0.3223,awake,0
1714,57.133,0.3109,awake,0
1715,57.167,0.3191,awake,0
1716,57.200,0.3196,awake,0
1717,57.233,0.3134,awake,0
1718,57.267,0.3156,awake,0
1719,57.300,0.3072,awake,0
1720,57.333,0.3126,awake,0
1721,57.367,0.3118,awake,0
1722,57.400,0.3020,awake,0
1723,57.433,0.3136,awake,0
1724,57.467,0.3129,awake,0
1725,57.500,0.3044,awake,0
1726,57.533,0.3051,awake,0
1727,57.567,0.3074,awake,0
1728,57.600,0.3078,awake,0
1729,57.633,0.3083,awake,0
1730,57.667,0.3053,awake,0
1731,57.700,0.3047,awake,0
1732,57.733,0.3095,awake,0
1733,57.767,0.3060,awake,0
1734,57.800,0.3070,awake,0
1735,57.833,0.3061,awake,0
1736,57.867,0.3084,awake,0
1737,57.900,0.3055,awake,0
1738,57.933,0.3091,awake,0
1739,57.967,0.3056,awake,0
1740,58.000,0.3083,awake,0
1741,58.033,0.3093,awake,0
1742,58.067,0.2980,awake,0
1743,58.100,0.3071,awake,0
1744,58.133,0.3101,awake,0
1745,58.167,0.2986,awake,0
1746,58.200,0.3019,awake,0
1747,58.233,0.3001,awake,0
1748,58.267,0.3028,awake,0
1749,58.300,0.3027,awake,0
1750,58.333,0.2975,awake,0
1751,58.367,0.3049,awake,0
1752,58.400,0.2958,awake,0
1753,58.433,0.2982,awake,0
1754,58.467,0.3024,awake,0
1755,58.500,0.3056,awake,0
1756,58.533,0.2953,awake,0
1757,58.567,0.3000,awake,0
1758,58.600,0.2973,awake,0
1759,58.633,0.2896,awake,0
1760,58.667,0.2917,awake,0
1761,58.700,0.2902,awake,0
1762,58.733,0.2926,awake,0
1763,58.767,0.2925,awake,0
1764,58.800,0.2938,awake,0
1765,58.833,0.2984,awake,0
1766,58.867,0.2945,awake,0
1767,58.900,0.3030,awake,0
1768,58.933,0.2910,awake,0
1769,58.967,0.2947,awake,0
1770,59.000,0.2928,awake,0
1771,59.033,0.2967,awake,0
1772,59.067,0.2888,awake,0
1773,59.100,0.2933,awake,0
1774,59.133,0.2960,awake,0
1775,59.167,0.2862,awake,0
1776,59.200,0.2884,awake,0
1777,59.233,0.2904,awake,0
1778,59.267,0.2862,awake,0
1779,59.300,0.2841,awake,0
1780,59.333,0.2946,awake,0
1781,59.367,0.2860,awake,0
1782,59.400,0.2935,awake,0
1783,59.433,0.2841,awake,0
1784,59.467,0.2850,awake,0
1785,59.500,0.2887,awake,0
1786,59.533,0.2844,awake,0
1787,59.567,0.2813,awake,0
1788,59.600,0.2817,awake,0
1789,59.633,0.2854,awake,0
1790,59.667,0.2814,awake,0
1791,59.700,0.2841,awake,0
1792,59.733,0.2744,awake,0
1793,59.767,0.2810,awake,0
1794,59.800,0.2822,awake,0
1795,59.833,0.2807,awake,0
1796,59.867,0.2785,awake,0
1797,59.900,0.2787,awake,0
1798,59.933,0.2823,awake,0
1799,59.967,0.2878,awake,0
1800,60.000,0.1261,awake,1
1801,60.033,0.1304,awake,2
1802,60.067,0.1352,awake,3
1803,60.100,0.2825,awake,0
1804,60.133,0.2806,awake,0
1805,60.167,0.2791,awake,0
1806,60.200,0.2808,awake,0
1807,60.233,0.2802,awake,0
1808,60.267,0.2718,awake,0
1809,60.300,0.2775,awake,0
1810,60.333,0.2725,awake,0
1811,60.367,0.2854,awake,0
1812,60.400,0.2835,awake,0
1813,60.433,0.2770,awake,0
1814,60.467,0.2833,awake,0
1815,60.500,0.2898,awake,0
1816,60.533,0.2775,awake,0
1817,60.567,0.2852,awake,0
1818,60.600,0.2815,awake,0
1819,60.633,0.2791,awake,0
1820,60.667,0.2756,awake,0
1821,60.700,0.2778,awake,0
1822,60.733,0.2785,awake,0
1823,60.767,0.2709,awake,0
1824,60.800,0.2823,awake,0
1825,60.833,0.2790,awake,0
1826,60.867,0.2822,awake,0
1827,60.900,0.2788,awake,0
1828,60.933,0.2926,awake,0
1829,60.967,0.2741,awake,0
1830,61.000,0.2771,awake,0
1831,61.033,0.2838,awake,0
1832,61.067,0.2905,awake,0
1833,61.100,0.2773,awake,0
1834,61.133,0.2888,awake,0
1835,61.167,0.2780,awake,0
1836,61.200,0.2870,awake,0
1837,61.233,0.2823,awake,0
1838,61.267,0.2911,awake,0
1839,61.300,0.2896,awake,0
1840,61.333,0.2801,awake,0
1841,61.367,0.2946,awake,0
1842,61.400,0.2786,awake,0
1843,61.433,0.2821,awake,0
1844,61.467,0.2909,awake,0
1845,61.500,0.2810,awake,0
1846,61.533,0.2817,awake,0
1847,61.567,0.2850,awake,0
1848,61.600,0.2866,awake,0
1849,61.633,0.2867,awake,0
1850,61.667,0.2825,awake,0
1851,61.700,0.2865,awake,0
1852,61.733,0.2886,awake,0
1853,61.767,0.2924,awake,0
1854,61.800,0.2881,awake,0
1855,61.833,0.2821,awake,0
1856,61.867,0.2876,awake,0
1857,61.900,0.2854,awake,0
1858,61.933,0.2935,awake,0
1859,61.967,0.2819,awake,0
1860,62.000,0.2912,awake,0
1861,62.033,0.2851,awake,0
1862,62.067,0.2949,awake,0
1863,62.100,0.2933,awake,0
1864,62.133,0.2915,awake,0
1865,62.167,0.2930,awake,0
1866,62.200,0.2901,awake,0
1867,62.233,0.2946,awake,0
1868,62.267,0.2921,awake,0
1869,62.300,0.2956,awake,0
1870,62.333,0.2934,awake,0
1871,62.367,0.2837,awake,0
1872,62.400,0.2920,awake,0
1873,62.433,0.3006,awake,0
1874,62.467,0.3008,awake,0
1875,62.500,0.2958,awake,0
1876,62.533,0.2953,awake,0
1877,62.567,0.2950,awake,0
1878,62.600,0.2993,awake,0
1879,62.633,0.2995,awake,0
1880,62.667,0.2938,awake,0
1881,62.700,0.3008,awake,0
1882,62.733,0.3036,awake,0
1883,62.767,0.2953,awake,0
1884,62.800,0.2988,awake,0
1885,62.833,0.3019,awake,0
1886,62.867,0.3034,awake,0
1887,62.900,0.2993,awake,0
1888,62.933,0.2993,awake,0
1889,62.967,0.3000,awake,0
1890,63.000,0.1539,awake,1
1891,63.033,0.1545,awake,2
1892,63.067,0.1532,awake,3
1893,63.100,0.2983,awake,0
1894,63.133,0.2998,awake,0
1895,63.167,0.3072,awake,0
1896,63.200,0.3002,awake,0
1897,63.233,0.3065,awake,0
1898,63.267,0.3046,awake,0
1899,63.300,0.3040,awake,0
1900,63.333,0.3070,awake,0
1901,63.367,0.3140,awake,0
1902,63.400,0.3089,awake,0
1903,63.433,0.3070,awake,0
1904,63.467,0.3027,awake,0
1905,63.500,0.3111,awake,0
1906,63.533,0.3140,awake,0
1907,63.567,0.3123,awake,0
1908,63.600,0.3149,awake,0
1909,63.633,0.3125,awake,0
1910,63.667,0.3058,awake,0
1911,63.700,0.3112,awake,0
1912,63.733,0.3139,awake,0
1913,63.767,0.3151,awake,0
1914,63.800,0.3106,awake,0
1915,63.833,0.3126,awake,0
1916,63.867,0.3147,awake,0
1917,63.900,0.3187,awake,0
1918,63.933,0.3180,awake,0
1919,63.967,0.3169,awake,0
1920,64.000,0.3162,awake,0
1921,64.033,0.3108,awake,0
1922,64.067,0.3108,awake,0
1923,64.100,0.3151,awake,0
1924,64.133,0.3200,awake,0
1925,64.167,0.3177,awake,0
1926,64.200,0.3186,awake,0
1927,64.233,0.3106,awake,0
1928,64.267,0.3110,awake,0
1929,64.300,0.3216,awake,0
1930,64.333,0.3172,awake,0
1931,64.367,0.3123,awake,0
1932,64.400,0.3213,awake,0
1933,64.433,0.3190,awake,0
1934,64.467,0.3300,awake,0
1935,64.500,0.3234,awake,0
1936,64.533,0.3200,awake,0
1937,64.567,0.3181,awake,0
1938,64.600,0.3198,awake,0
1939,64.633,0.3186,awake,0
1940,64.667,0.3134,awake,0
1941,64.700,0.3230,awake,0
1942,64.733,0.3205,awake,0
1943,64.767,0.3085,awake,0
1944,64.800,0.3171,awake,0
1945,64.833,0.3164,awake,0
1946,64.867,0.3237,awake,0
1947,64.900,0.3197,awake,0
1948,64.933,0.3259,awake,0
1949,64.967,0.3136,awake,0
1950,65.000,0.3157,awake,0
1951,65.033,0.3243,awake,0
1952,65.067,0.3174,awake,0
1953,65.100,0.3158,awake,0
1954,65.133,0.3179,awake,0
1955,65.167,0.3169,awake,0
1956,65.200,0.3221,awake,0
1957,65.233,0.3244,awake,0
1958,65.267,0.3135,awake,0
1959,65.300,0.3186,awake,0
1960,65.333,0.3197,awake,0
1961,65.367,0.3199,awake,0
1962,65.400,0.3228,awake,0
1963,65.433,0.3199,awake,0
1964,65.467,0.3169,awake,0
1965,65.500,0.3147,awake,0
1966,65.533,0.3117,awake,0
1967,65.567,0.3173,awake,0
1968,65.600,0.3187,awake,0
1969,65.633,0.3222,awake,0
1970,65.667,0.3168,awake,0
1971,65.700,0.3274,awake,0
1972,65.733,0.3176,awake,0
1973,65.767,0.3158,awake,0
1974,65.800,0.3190,awake,0
1975,65.833,0.3134,awake,0
1976,65.867,0.3178,awake,0
1977,65.900,0.3085,awake,0
1978,65.933,0.3192,awake,0
1979,65.967,0.3165,awake,0
1980,66.000,0.1668,awake,1
1981,66.033,0.1663,awake,2
1982,66.067,0.1603,awake,3
1983,66.100,0.3115,awake,0
1984,66.133,0.3210,awake,0
1985,66.167,0.3164,awake,0
1986,66.200,0.3117,awake,0
1987,66.233,0.3155,awake,0
1988,66.267,0.3151,awake,0
1989,66.300,0.3209,awake,0
1990,66.333,0.3172,awake,0
1991,66.367,0.3140,awake,0
1992,66.400,0.3102,awake,0
1993,66.433,0.3188,awake,0
1994,66.467,0.3108,awake,0
1995,66.500,0.3074,awake,0
1996,66.533,0.3056,awake,0
1997,66.567,0.3066,awake,0
1998,66.600,0.3082,awake,0
1999,66.633,0.3123,awake,0
2000,66.667,0.3125,awake,0
2001,66.700,0.3130,awake,0
2002,66.733,0.3086,awake,0
2003,66.767,0.3109,awake,0
2004,66.800,0.3162,awake,0
2005,66.833,0.3103,awake,0
2006,66.867,0.3127,awake,0
2007,66.900,0.2998,awake,0
2008,66.933,0.3024,awake,0
2009,66.967,0.3019,awake,0
2010,67.000,0.2937,awake,0
2011,67.033,0.3043,awake,0
2012,67.067,0.3091,awake,0
2013,67.100,0.3009,awake,0
2014,67.133,0.3034,awake,0
2015,67.167,0.2987,awake,0
2016,67.200,0.2997,awake,0
2017,67.233,0.3024,awake,0
2018,67.267,0.2960,awake,0
2019,67.300,0.3050,awake,0
2020,67.333,0.2921,awake,0
2021,67.367,0.3006,awake,0
2022,67.400,0.2969,awake,0
2023,67.433,0.3044,awake,0
2024,67.467,0.3010,awake,0
2025,67.500,0.2891,awake,0
2026,67.533,0.2873,awake,0
2027,67.567,0.2926,awake,0
2028,67.600,0.2941,awake,0
2029,67.633,0.2949,awake,0
2030,67.667,0.2953,awake,0
2031,67.700,0.2974,awake,0
2032,67.733,0.2888,awake,0
2033,67.767,0.2866,awake,0
2034,67.800,0.2944,awake,0
2035,67.833,0.2915,awake,0
2036,67.867,0.2921,awake,0
2037,67.900,0.2895,awake,0
2038,67.933,0.2910,awake,0
2039,67.967,0.2972,awake,0
2040,68.000,0.2843,awake,0
2041,68.033,0.2855,awake,0
2042,68.067,0.2926,awake,0
2043,68.100,0.2959,awake,0
2044,68.133,0.2884,awake,0
2045,68.167,0.2838,awake,0
2046,68.200,0.2804,awake,0
2047,68.233,0.2891,awake,0
2048,68.267,0.2827,awake,0
2049,68.300,0.2960,awake,0
2050,68.333,0.2963,awake,0
2051,68.367,0.2875,awake,0
2052,68.400,0.2882,awake,0
2053,68.433,0.2855,awake,0
2054,68.467,0.2902,awake,0
2055,68.500,0.2853,awake,0
2056,68.533,0.2852,awake,0
2057,68.567,0.2901,awake,0
2058,68.600,0.2869,awake,0
2059,68.633,0.2926,awake,0
2060,68.667,0.2773,awake,0
2061,68.700,0.2813,awake,0
2062,68.733,0.2797,awake,0
2063,68.767,0.2864,awake,0
2064,68.800,0.2808,awake,0
2065,68.833,0.2850,awake,0
2066,68.867,0.2777,awake,0
2067,68.900,0.2817,awake,0
2068,68.933,0.2911,awake,0
2069,68.967,0.2883,awake,0
2070,69.000,0.1240,awake,1
2071,69.033,0.1328,awake,2
2072,69.067,0.1345,awake,3
2073,69.100,0.2791,awake,0
2074,69.133,0.2765,awake,0
2075,69.167,0.2834,awake,0
2076,69.200,0.2810,awake,0
2077,69.233,0.2827,awake,0
2078,69.267,0.2798,awake,0
2079,69.300,0.2897,awake,0
2080,69.333,0.2766,awake,0
2081,69.367,0.2782,awake,0
2082,69.400,0.2822,awake,0
2083,69.433,0.2830,awake,0
2084,69.467,0.2745,awake,0
2085,69.500,0.2852,awake,0
2086,69.533,0.2742,awake,0
2087,69.567,0.2800,awake,0
2088,69.600,0.2788,awake,0
2089,69.633,0.2772,awake,0
2090,69.667,0.2846,awake,0
2091,69.700,0.2707,awake,0
2092,69.733,0.2772,awake,0
2093,69.767,0.2766,awake,0
2094,69.800,0.2838,awake,0
2095,69.833,0.2866,awake,0
2096,69.867,0.2835,awake,0
2097,69.900,0.2861,awake,0
2098,69.933,0.2718,awake,0
2099,69.967,0.2814,awake,0
2100,70.000,0.2754,awake,0
2101,70.033,0.2796,awake,0
2102,70.067,0.2822,awake,0
2103,70.100,0.2818,awake,0
2104,70.133,0.2871,awake,0
2105,70.167,0.2738,awake,0
2106,70.200,0.2786,awake,0
2107,70.233,0.2762,awake,0
2108,70.267,0.2758,awake,0
2109,70.300,0.2866,awake,0
2110,70.333,0.2836,awake,0
2111,70.367,0.2893,awake,0
2112,70.400,0.2881,awake,0
2113,70.433,0.2839,awake,0
2114,70.467,0.2800,awake,0
2115,70.500,0.2881,awake,0
2116,70.533,0.2817,awake,0
2117,70.567,0.2799,awake,0
2118,70.600,0.2804,awake,0
2119,70.633,0.2858,awake,0
2120,70.667,0.2907,awake,0
2121,70.700,0.2862,awake,0
2122,70.733,0.2912,awake,0
2123,70.767,0.2870,awake,0
2124,70.800,0.2853,awake,0
2125,70.833,0.2983,awake,0
2126,70.867,0.2950,awake,0
2127,70.900,0.2889,awake,0
2128,70.933,0.2852,awake,0
2129,70.967,0.2825,awake,0
2130,71.000,0.2909,awake,0
2131,71.033,0.2887,awake,0
2132,71.067,0.2920,awake,0
2133,71.100,0.2918,awake,0
2134,71.133,0.2926,awake,0
2135,71.167,0.2959,awake,0
2136,71.200,0.2930,awake,0
2137,71.233,0.2893,awake,0
2138,71.267,0.2895,awake,0
2139,71.300,0.2954,awake,0
2140,71.333,0.2892,awake,0
2141,71.367,0.2968,awake,0
2142,71.400,0.2972,awake,0
2143,71.433,0.2946,awake,0
2144,71.467,0.2921,awake,0
2145,71.500,0.2886,awake,0
2146,71.533,0.2917,awake,0
2147,71.567,0.2901,awake,0
2148,71.600,0.2972,awake,0
2149,71.633,0.2958,awake,0
2150,71.667,0.2943,awake,0
2151,71.700,0.3020,awake,0
2152,71.733,0.2995,awake,0
2153,71.767,0.2996,awake,0
2154,71.800,0.3021,awake,0
2155,71.833,0.3045,awake,0
2156,71.867,0.2944,awake,0
2157,71.900,0.3041,awake,0
2158,71.933,0.2945,awake,0
2159,71.967,0.2990,awake,0
2160,72.000,0.1567,awake,1
2161,72.033,0.1559,awake,2
2162,72.067,0.1563,awake,3
2163,72.100,0.3048,awake,0
2164,72.133,0.3102,awake,0
2165,72.167,0.2988,awake,0
2166,72.200,0.3042,awake,0
2167,72.233,0.3061,awake,0
2168,72.267,0.3145,awake,0
2169,72.300,0.3109,awake,0
2170,72.333,0.3113,awake,0
2171,72.367,0.3046,awake,0
2172,72.400,0.3171,awake,0
2173,72.433,0.3104,awake,0
2174,72.467,0.3049,awake,0
2175,72.500,0.3187,awake,0
2176,72.533,0.3040,awake,0
2177,72.567,0.3067,awake,0
2178,72.600,0.3096,awake,0
2179,72.633,0.3070,awake,0
2180,72.667,0.3134,awake,0
2181,72.700,0.3128,awake,0
2182,72.733,0.3125,awake,0
2183,72.767,0.3200,awake,0
2184,72.800,0.3063,awake,0
2185,72.833,0.3186,awake,0
2186,72.867,0.3102,awake,0
2187,72.900,0.3197,awake,0
2188,72.933,0.3218,awake,0
2189,72.967,0.3237,awake,0
2190,73.000,0.3141,awake,0
2191,73.033,0.3105,awake,0
2192,73.067,0.3167,awake,0
2193,73.100,0.3155,awake,0
2194,73.133,0.3090,awake,0
2195,73.167,0.3192,awake,0
2196,73.200,0.3129,awake,0
2197,73.233,0.3226,awake,0
2198,73.267,0.3209,awake,0
2199,73.300,0.3162,awake,0
2200,73.333,0.3177,awake,0
2201,73.367,0.3168,awake,0
2202,73.400,0.3161,awake,0
2203,73.433,0.3305,awake,0
2204,73.467,0.3146,awake,0
2205,73.500,0.3187,awake,0
2206,73.533,0.3227,awake,0
2207,73.567,0.3173,awake,0
2208,73.600,0.3165,awake,0
2209,73.633,0.3138,awake,0
2210,73.667,0.3240,awake,0
2211,73.700,0.3222,awake,0
2212,73.733,0.3214,awake,0
2213,73.767,0.3136,awake,0
2214,73.800,0.3217,awake,0
2215,73.833,0.3209,awake,0
2216,73.867,0.3185,awake,0
2217,73.900,0.3144,awake,0
2218,73.933,0.3197,awake,0
2219,73.967,0.3165,awake,0
2220,74.000,0.3203,awake,0
2221,74.033,0.3203,awake,0
2222,74.067,0.3186,awake,0
2223,74.100,0.3235,awake,0
2224,74.133,0.3197,awake,0
2225,74.167,0.3221,awake,0
2226,74.200,0.3216,awake,0
2227,74.233,0.3239,awake,0
2228,74.267,0.3159,awake,0
2229,74.300,0.3183,awake,0
2230,74.333,0.3233,awake,0
2231,74.367,0.3201,awake,0
2232,74.400,0.3239,awake,0
2233,74.433,0.3223,awake,0
2234,74.467,0.3174,awake,0
2235,74.500,0.3225,awake,0
2236,74.533,0.3178,awake,0
2237,74.567,0.3225,awake,0
2238,74.600,0.3260,awake,0
2239,74.633,0.3227,awake,0
2240,74.667,0.3273,awake,0
2241,74.700,0.3118,awake,0
2242,74.733,0.3156,awake,0
2243,74.767,0.3165,awake,0
2244,74.800,0.3157,awake,0
2245,74.833,0.3186,awake,0
2246,74.867,0.3154,awake,0
2247,74.900,0.3210,awake,0
2248,74.933,0.3203,awake,0
2249,74.967,0.3177,awake,0
2250,75.000,0.1617,awake,1
2251,75.033,0.1677,awake,2
2252,75.067,0.1679,awake,3
2253,75.100,0.3163,awake,0
2254,75.133,0.3147,awake,0
2255,75.167,0.3198,awake,0
2256,75.200,0.3117,awake,0
2257,75.233,0.3121,awake,0
2258,75.267,0.3159,awake,0
2259,75.300,0.3150,awake,0
2260,75.333,0.3159,awake,0
2261,75.367,0.3110,awake,0
2262,75.400,0.3065,awake,0
2263,75.433,0.3064,awake,0
2264,75.467,0.3092,awake,0
2265,75.500,0.3137,awake,0
2266,75.533,0.3133,awake,0
2267,75.567,0.3025,awake,0
2268,75.600,0.3115,awake,0
2269,75.633,0.3086,awake,0
2270,75.667,0.3044,awake,0
2271,75.700,0.3169,awake,0
2272,75.733,0.3087,awake,0
2273,75.767,0.3105,awake,0
2274,75.800,0.3171,awake,0
2275,75.833,0.3040,awake,0
2276,75.867,0.3043,awake,0
2277,75.900,0.3114,awake,0
2278,75.933,0.2998,awake,0
2279,75.967,0.3049,awake,0
2280,76.000,0.3043,awake,0
2281,76.033,0.3075,awake,0
2282,76.067,0.3048,awake,0
2283,76.100,0.2991,awake,0
2284,76.133,0.3062,awake,0
2285,76.167,0.3052,awake,0
2286,76.200,0.2971,awake,0
2287,76.233,0.2981,awake,0
2288,76.267,0.2983,awake,0
2289,76.300,0.2953,awake,0
2290,76.333,0.3037,awake,0
2291,76.367,0.2977,awake,0
2292,76.400,0.2974,awake,0
2293,76.433,0.2939,awake,0
2294,76.467,0.2960,awake,0
2295,76.500,0.3031,awake,0
2296,76.533,0.2997,awake,0
2297,76.567,0.2898,awake,0
2298,76.600,0.2918,awake,0
2299,76.633,0.2979,awake,0
2300,76.667,0.2929,awake,0
2301,76.700,0.2922,awake,0
2302,76.733,0.2905,awake,0
2303,76.767,0.2882,awake,0
2304,76.800,0.2935,awake,0
2305,76.833,0.2911,awake,0
2306,76.867,0.2968,awake,0
2307,76.900,0.2915,awake,0
2308,76.933,0.2875,awake,0
2309,76.967,0.2937,awake,0
2310,77.000,0.2959,awake,0
2311,77.033,0.2872,awake,0
2312,77.067,0.2829,awake,0
2313,77.100,0.2874,awake,0
2314,77.133,0.2835,awake,0
2315,77.167,0.2951,awake,0
2316,77.200,0.2826,awake,0
2317,77.233,0.2865,awake,0
2318,77.267,0.2933,awake,0
2319,77.300,0.2906,awake,0
2320,77.333,0.2847,awake,0
2321,77.367,0.2832,awake,0
2322,77.400,0.2853,awake,0
2323,77.433,0.2847,awake,0
2324,77.467,0.2914,awake,0
2325,77.500,0.2844,awake,0
2326,77.533,0.2794,awake,0
2327,77.567,0.2884,awake,0
2328,77.600,0.2883,awake,0
2329,77.633,0.2830,awake,0
2330,77.667,0.2867,awake,0
2331,77.700,0.2836,awake,0
2332,77.733,0.2783,awake,0
2333,77.767,0.2825,awake,0
2334,77.800,0.2780,awake,0
2335,77.833,0.2799,awake,0
2336,77.867,0.2784,awake,0
2337,77.900,0.2833,awake,0
2338,77.933,0.2825,awake,0
2339,77.967,0.2763,awake,0
2340,78.000,0.1277,awake,1
2341,78.033,0.1312,awake,2
2342,78.067,0.1329,awake,3
2343,78.100,0.2812,awake,0
2344,78.133,0.2720,awake,0
2345,78.167,0.2858,awake,0
2346,78.200,0.2877,awake,0
2347,78.233,0.2868,awake,0
2348,78.267,0.2825,awake,0
2349,78.300,0.2830,awake,0
2350,78.333,0.2776,awake,0
2351,78.367,0.2809,awake,0
2352,78.400,0.2756,awake,0
2353,78.433,0.2805,awake,0
2354,78.467,0.2743,awake,0
2355,78.500,0.2823,awake,0
2356,78.533,0.2786,awake,0
2357,78.567,0.2831,awake,0
2358,78.600,0.2807,awake,0
2359,78.633,0.2782,awake,0
2360,78.667,0.2835,awake,0
2361,78.700,0.2754,awake,0
2362,78.733,0.2791,awake,0
2363,78.767,0.2781,awake,0
2364,78.800,0.2833,awake,0
2365,78.833,0.2801,awake,0
2366,78.867,0.2816,awake,0
2367,78.900,0.2827,awake,0
2368,78.933,0.2714,awake,0
2369,78.967,0.2772,awake,0
2370,79.000,0.2815,awake,0
2371,79.033,0.2852,awake,0
2372,79.067,0.2836,awake,0
2373,79.100,0.2868,awake,0
2374,79.133,0.2808,awake,0
2375,79.167,0.2823,awake,0
2376,79.200,0.2801,awake,0
2377,79.233,0.2806,awake,0
2378,79.267,0.2792,awake,0
2379,79.300,0.2806,awake,0
2380,79.333,0.2822,awake,0
2381,79.367,0.2807,awake,0
2382,79.400,0.2836,awake,0
2383,79.433,0.2765,awake,0
2384,79.467,0.2858,awake,0
2385,79.500,0.2851,awake,0
2386,79.533,0.2864,awake,0
2387,79.567,0.2831,awake,0
2388,79.600,0.2832,awake,0
2389,79.633,0.2895,awake,0
2390,79.667,0.2853,awake,0
2391,79.700,0.2942,awake,0
2392,79.733,0.2810,awake,0
2393,79.767,0.2859,awake,0
2394,79.800,0.2828,awake,0
2395,79.833,0.2845,awake,0
2396,79.867,0.2849,awake,0
2397,79.900,0.2865,awake,0
2398,79.933,0.2919,awake,0
2399,79.967,0.2846,awake,0
2400,80.000,0.2920,awake,0
2401,80.033,0.2842,awake,0
2402,80.067,0.2888,awake,0
2403,80.100,0.2961,awake,0
2404,80.133,0.2931,awake,0
2405,80.167,0.2927,awake,0
2406,80.200,0.2946,awake,0
2407,80.233,0.2948,awake,0
2408,80.267,0.2954,awake,0
2409,80.300,0.2990,awake,0
2410,80.333,0.2896,awake,0
2411,80.367,0.2940,awake,0
2412,80.400,0.2972,awake,0
2413,80.433,0.2981,awake,0
2414,80.467,0.2978,awake,0
2415,80.500,0.3013,awake,0
2416,80.533,0.2945,awake,0
2417,80.567,0.2916,awake,0
2418,80.600,0.3025,awake,0
2419,80.633,0.2979,awake,0
2420,80.667,0.2962,awake,0
2421,80.700,0.2990,awake,0
2422,80.733,0.2976,awake,0
2423,80.767,0.3038,awake,0
2424,80.800,0.3038,awake,0
2425,80.833,0.3019,awake,0
2426,80.867,0.3033,awake,0
2427,80.900,0.3018,awake,0
2428,80.933,0.3062,awake,0
2429,80.967,0.2931,awake,0
2430,81.000,0.1483,awake,1
2431,81.033,0.1533,awake,2
2432,81.067,0.1523,awake,3
2433,81.100,0.3006,awake,0
2434,81.133,0.3073,awake,0
2435,81.167,0.3014,awake,0
2436,81.200,0.3066,awake,0
2437,81.233,0.3067,awake,0
2438,81.267,0.3069,awake,0
2439,81.300,0.3038,awake,0
2440,81.333,0.3067,awake,0
2441,81.367,0.3128,awake,0
2442,81.400,0.3105,awake,0
2443,81.433,0.3126,awake,0
2444,81.467,0.3089,awake,0
2445,81.500,0.3028,awake,0
2446,81.533,0.3082,awake,0
2447,81.567,0.3098,awake,0
2448,81.600,0.3160,awake,0
2449,81.633,0.3157,awake,0
2450,81.667,0.3133,awake,0
2451,81.700,0.3085,awake,0
2452,81.733,0.3128,awake,0
2453,81.767,0.3117,awake,0
2454,81.800,0.3121,awake,0
2455,81.833,0.3085,awake,0
2456,81.867,0.3156,awake,0
2457,81.900,0.3140,awake,0
2458,81.933,0.3176,awake,0
2459,81.967,0.3089,awake,0
2460,82.000,0.3105,awake,0
2461,82.033,0.3299,awake,0
2462,82.067,0.3121,awake,0
2463,82.100,0.3171,awake,0
2464,82.133,0.3180,awake,0
2465,82.167,0.3125,awake,0
2466,82.200,0.3236,awake,0
2467,82.233,0.3167,awake,0
2468,82.267,0.3178,awake,0
2469,82.300,0.3247,awake,0
2470,82.333,0.3145,awake,0
2471,82.367,0.3159,awake,0
2472,82.400,0.3167,awake,0
2473,82.433,0.3128,awake,0
2474,82.467,0.3196,awake,0
2475,82.500,0.3205,awake,0
2476,82.533,0.3195,awake,0
2477,82.567,0.3216,awake,0
2478,82.600,0.3226,awake,0
2479,82.633,0.3206,awake,0
2480,82.667,0.3184,awake,0
2481,82.700,0.3244,awake,0
2482,82.733,0.3168,awake,0
2483,82.767,0.3253,awake,0
2484,82.800,0.3190,awake,0
2485,82.833,0.3229,awake,0
2486,82.867,0.3272,awake,0
2487,82.900,0.3109,awake,0
2488,82.933,0.3192,awake,0
2489,82.967,0.3184,awake,0
2490,83.000,0.3268,awake,0
2491,83.033,0.3184,awake,0
2492,83.067,0.3309,awake,0
2493,83.100,0.3139,awake,0
2494,83.133,0.3213,awake,0
2495,83.167,0.3184,awake,0
2496,83.200,0.3219,awake,0
2497,83.233,0.3175,awake,0
2498,83.267,0.3179,awake,0
2499,83.300,0.3123,awake,0
2500,83.333,0.3200,awake,0
2501,83.367,0.3134,awake,0
2502,83.400,0.3141,awake,0
2503,83.433,0.3195,awake,0
2504,83.467,0.3186,awake,0
2505,83.500,0.3230,awake,0
2506,83.533,0.3133,awake,0
2507,83.567,0.3203,awake,0
2508,83.600,0.3197,awake,0
2509,83.633,0.3170,awake,0
2510,83.667,0.3148,awake,0
2511,83.700,0.3175,awake,0
2512,83.733,0.3211,awake,0
2513,83.767,0.3159,awake,0
2514,83.800,0.3205,awake,0
2515,83.833,0.3158,awake,0
2516,83.867,0.3235,awake,0
2517,83.900,0.3165,awake,0
2518,83.933,0.3154,awake,0
2519,83.967,0.3094,awake,0
2520,84.000,0.1598,awake,1
2521,84.033,0.1668,awake,2
2522,84.067,0.1640,awake,3
2523,84.100,0.3158,awake,0
2524,84.133,0.3116,awake,0
2525,84.167,0.3134,awake,0
2526,84.200,0.3111,awake,0
2527,84.233,0.3145,awake,0
2528,84.267,0.3121,awake,0
2529,84.300,0.3200,awake,0
2530,84.333,0.3095,awake,0
2531,84.367,0.3163,awake,0
2532,84.400,0.3072,awake,0
2533,84.433,0.3092,awake,0
2534,84.467,0.3073,awake,0
2535,84.500,0.3153,awake,0
2536,84.533,0.3116,awake,0
2537,84.567,0.3100,awake,0
2538,84.600,0.3100,awake,0
2539,84.633,0.3043,awake,0
2540,84.667,0.3138,awake,0
2541,84.700,0.3134,awake,0
2542,84.733,0.3072,awake,0
2543,84.767,0.3070,awake,0
2544,84.800,0.3091,awake,0
2545,84.833,0.3053,awake,0
2546,84.867,0.3048,awake,0
2547,84.900,0.3032,awake,0
2548,84.933,0.3033,awake,0
2549,84.967,0.3023,awake,0
2550,85.000,0.3067,awake,0
2551,85.033,0.3020,awake,0
2552,85.067,0.3011,awake,0
2553,85.100,0.2999,awake,0
2554,85.133,0.2959,awake,0
2555,85.167,0.3077,awake,0
2556,85.200,0.3030,awake,0
2557,85.233,0.3040,awake,0
2558,85.267,0.2980,awake,0
2559,85.300,0.3054,awake,0
2560,85.333,0.2997,awake,0
2561,85.367,0.3045,awake,0
2562,85.400,0.2982,awake,0
2563,85.433,0.2976,awake,0
2564,85.467,0.2952,awake,0
2565,85.500,0.2971,awake,0
2566,85.533,0.2973,awake,0
2567,85.567,0.3019,awake,0
2568,85.600,0.3016,awake,0
2569,85.633,0.2954,awake,0
2570,85.667,0.2994,awake,0
2571,85.700,0.2832,awake,0
2572,85.733,0.2918,awake,0
2573,85.767,0.2942,awake,0
2574,85.800,0.2963,awake,0
2575,85.833,0.2940,awake,0
2576,85.867,0.2917,awake,0
2577,85.900,0.2896,awake,0
2578,85.933,0.2879,awake,0
2579,85.967,0.2983,awake,0
2580,86.000,0.2947,awake,0
2581,86.033,0.2951,awake,0
2582,86.067,0.2895,awake,0
2583,86.100,0.2869,awake,0
2584,86.133,0.2909,awake,0
2585,86.167,0.2882,awake,0
2586,86.200,0.2874,awake,0
2587,86.233,0.2874,awake,0
2588,86.267,0.2846,awake,0
2589,86.300,0.2833,awake,0
2590,86.333,0.2855,awake,0
2591,86.367,0.2806,awake,0
2592,86.400,0.2882,awake,0
2593,86.433,0.2888,awake,0
2594,86.467,0.2821,awake,0
2595,86.500,0.2775,awake,0
2596,86.533,0.2861,awake,0
2597,86.567,0.2852,awake,0
2598,86.600,0.2841,awake,0
2599,86.633,0.2784,awake,0
2600,86.667,0.2758,awake,0
2601,86.700,0.2900,awake,0
2602,86.733,0.2821,awake,0
2603,86.767,0.2847,awake,0
2604,86.800,0.2822,awake,0
2605,86.833,0.2839,awake,0
2606,86.867,0.2769,awake,0
2607,86.900,0.2800,awake,0
2608,86.933,0.2762,awake,0
2609,86.967,0.2771,awake,0
2610,87.000,0.1285,awake,1
2611,87.033,0.1239,awake,2
2612,87.067,0.1291,awake,3
2613,87.100,0.2780,awake,0
2614,87.133,0.2760,awake,0
2615,87.167,0.2801,awake,0
2616,87.200,0.2804,awake,0
2617,87.233,0.2770,awake,0
2618,87.267,0.2884,awake,0
2619,87.300,0.2831,awake,0
2620,87.333,0.2846,awake,0
2621,87.367,0.2788,awake,0
2622,87.400,0.2836,awake,0
2623,87.433,0.2831,awake,0
2624,87.467,0.2759,awake,0
2625,87.500,0.2773,awake,0
2626,87.533,0.2917,awake,0
2627,87.567,0.2784,awake,0
2628,87.600,0.2820,awake,0
2629,87.633,0.2792,awake,0
2630,87.667,0.2834,awake,0
2631,87.700,0.2762,awake,0
2632,87.733,0.2762,awake,0
2633,87.767,0.2848,awake,0
2634,87.800,0.2812,awake,0
2635,87.833,0.2706,awake,0
2636,87.867,0.2807,awake,0
2637,87.900,0.2800,awake,0
2638,87.933,0.2837,awake,0
2639,87.967,0.2823,awake,0
2640,88.000,0.2825,awake,0
2641,88.033,0.2816,awake,0
2642,88.067,0.2826,awake,0
2643,88.100,0.2770,awake,0
2644,88.133,0.2786,awake,0
2645,88.167,0.2786,awake,0
2646,88.200,0.2769,awake,0
2647,88.233,0.2856,awake,0
2648,88.267,0.2870,awake,0
2649,88.300,0.2854,awake,0
2650,88.333,0.2808,awake,0
2651,88.367,0.2813,awake,0
2652,88.400,0.2820,awake,0
2653,88.433,0.2884,awake,0
2654,88.467,0.2864,awake,0
2655,88.500,0.2915,awake,0
2656,88.533,0.2810,awake,0
2657,88.567,0.2843,awake,0
2658,88.600,0.2804,awake,0
2659,88.633,0.2801,awake,0
2660,88.667,0.2855,awake,0
2661,88.700,0.2851,awake,0
2662,88.733,0.2848,awake,0
2663,88.767,0.2811,awake,0
2664,88.800,0.2883,awake,0
2665,88.833,0.2868,awake,0
2666,88.867,0.2920,awake,0
2667,88.900,0.2909,awake,0
2668,88.933,0.2838,awake,0
2669,88.967,0.2910,awake,0
2670,89.000,0.2875,awake,0
2671,89.033,0.2964,awake,0
2672,89.067,0.2906,awake,0
2673,89.100,0.2891,awake,0
2674,89.133,0.2899,awake,0
2675,89.167,0.2859,awake,0
2676,89.200,0.2975,awake,0
2677,89.233,0.3013,awake,0
2678,89.267,0.2863,awake,0
2679,89.300,0.2927,awake,0
2680,89.333,0.2937,awake,0
2681,89.367,0.2922,awake,0
2682,89.400,0.2999,awake,0
2683,89.433,0.3005,awake,0
2684,89.467,0.2949,awake,0
2685,89.500,0.3047,awake,0
2686,89.533,0.2970,awake,0
2687,89.567,0.2963,awake,0
2688,89.600,0.2989,awake,0
2689,89.633,0.2952,awake,0
2690,89.667,0.3045,awake,0
2691,89.700,0.3016,awake,0
2692,89.733,0.2982,awake,0
2693,89.767,0.2994,awake,0
2694,89.800,0.2969,awake,0
2695,89.833,0.3021,awake,0
2696,89.867,0.2963,awake,0
2697,89.900,0.3020,awake,0
2698,89.933,0.3004,awake,0
2699,89.967,0.3052,awake,0
2700,90.000,0.1575,awake,1
2701,90.033,0.1570,awake,2
2702,90.067,0.1538,awake,3
2703,90.100,0.3019,awake,0
2704,90.133,0.3040,awake,0
2705,90.167,0.3056,awake,0
2706,90.200,0.3080,awake,0
2707,90.233,0.3042,awake,0
2708,90.267,0.3031,awake,0
2709,90.300,0.3081,awake,0
2710,90.333,0.3133,awake,0
2711,90.367,0.3157,awake,0
2712,90.400,0.3118,awake,0
2713,90.433,0.3051,awake,0
2714,90.467,0.3151,awake,0
2715,90.500,0.3065,awake,0
2716,90.533,0.3072,awake,0
2717,90.567,0.3124,awake,0
2718,90.600,0.3056,awake,0
2719,90.633,0.3147,awake,0
2720,90.667,0.3116,awake,0
2721,90.700,0.3138,awake,0
2722,90.733,0.3093,awake,0
2723,90.767,0.3163,awake,0
2724,90.800,0.3154,awake,0
2725,90.833,0.3122,awake,0
2726,90.867,0.3178,awake,0
2727,90.900,0.3037,awake,0
2728,90.933,0.3161,awake,0
2729,90.967,0.3145,awake,0
2730,91.000,0.3121,awake,0
2731,91.033,0.3163,awake,0
2732,91.067,0.3178,awake,0
2733,91.100,0.3132,awake,0
2734,91.133,0.3159,awake,0
2735,91.167,0.3165,awake,0
2736,91.200,0.3185,awake,0
2737,91.233,0.3221,awake,0
2738,91.267,0.3155,awake,0
2739,91.300,0.3229,awake,0
2740,91.333,0.3126,awake,0
2741,91.367,0.3192,awake,0
2742,91.400,0.3114,awake,0
2743,91.433,0.3187,awake,0
2744,91.467,0.3215,awake,0
2745,91.500,0.3269,awake,0
2746,91.533,0.3191,awake,0
2747,91.567,0.3161,awake,0
2748,91.600,0.3233,awake,0
2749,91.633,0.3195,awake,0
2750,91.667,0.3198,awake,0
2751,91.700,0.3232,awake,0
2752,91.733,0.3240,awake,0
2753,91.767,0.3128,awake,0
2754,91.800,0.3200,awake,0
2755,91.833,0.3198,awake,0
2756,91.867,0.3156,awake,0
2757,91.900,0.3135,awake,0
2758,91.933,0.3197,awake,0
2759,91.967,0.3181,awake,0
2760,92.000,0.3171,awake,0
2761,92.033,0.3194,awake,0
2762,92.067,0.3186,awake,0
2763,92.100,0.3200,awake,0
2764,92.133,0.3262,awake,0
2765,92.167,0.3197,awake,0
2766,92.200,0.3273,awake,0
2767,92.233,0.3247,awake,0
2768,92.267,0.3235,awake,0
2769,92.300,0.3167,awake,0
2770,92.333,0.3183,awake,0
2771,92.367,0.3157,awake,0
2772,92.400,0.3209,awake,0
2773,92.433,0.3188,awake,0
2774,92.467,0.3207,awake,0
2775,92.500,0.3200,awake,0
2776,92.533,0.3193,awake,0
2777,92.567,0.3170,awake,0
2778,92.600,0.3144,awake,0
2779,92.633,0.3163,awake,0
2780,92.667,0.3208,awake,0
2781,92.700,0.3170,awake,0
2782,92.733,0.3172,awake,0
2783,92.767,0.3207,awake,0
2784,92.800,0.3189,awake,0
2785,92.833,0.3108,awake,0
2786,92.867,0.3161,awake,0
2787,92.900,0.3127,awake,0
2788,92.933,0.3157,awake,0
2789,92.967,0.3172,awake,0
2790,93.000,0.1674,awake,1
2791,93.033,0.1717,awake,2
2792,93.067,0.1627,awake,3
2793,93.100,0.3132,awake,0
2794,93.133,0.3164,awake,0
2795,93.167,0.3176,awake,0
2796,93.200,0.3093,awake,0
2797,93.233,0.3158,awake,0
2798,93.267,0.3153,awake,0
2799,93.300,0.3117,awake,0
2800,93.333,0.3108,awake,0
2801,93.367,0.3145,awake,0
2802,93.400,0.3129,awake,0
2803,93.433,0.3124,awake,0
2804,93.467,0.3075,awake,0
2805,93.500,0.3031,awake,0
2806,93.533,0.3092,awake,0
2807,93.567,0.3081,awake,0
2808,93.600,0.3106,awake,0
2809,93.633,0.3053,awake,0
2810,93.667,0.3105,awake,0
2811,93.700,0.3091,awake,0
2812,93.733,0.3041,awake,0
2813,93.767,0.3104,awake,0
2814,93.800,0.3048,awake,0
2815,93.833,0.3029,awake,0
2816,93.867,0.3063,awake,0
2817,93.900,0.3048,awake,0
2818,93.933,0.3007,awake,0
2819,93.967,0.3064,awake,0
2820,94.000,0.1834,awake,1
2821,94.033,0.1800,awake,2
2822,94.067,0.1755,awake,3
2823,94.100,0.1838,awake,4
2824,94.133,0.1820,awake,5
2825,94.167,0.1816,awake,6
2826,94.200,0.1862,awake,7
2827,94.233,0.1702,awake,8
2828,94.267,0.1848,awake,9
2829,94.300,0.1847,awake,10
2830,94.333,0.1749,awake,11
2831,94.367,0.1824,awake,12
2832,94.400,0.1746,awake,13
2833,94.433,0.1732,awake,14
2834,94.467,0.1765,awake,15
2835,94.500,0.1838,awake,16
2836,94.533,0.1775,awake,17
2837,94.567,0.1758,awake,18
2838,94.600,0.1787,awake,19
2839,94.633,0.1722,drowsy,20
2840,94.667,0.1802,drowsy,21
2841,94.700,0.1801,drowsy,22
2842,94.733,0.1750,drowsy,23
2843,94.767,0.1697,drowsy,24
2844,94.800,0.1767,drowsy,25
2845,94.833,0.1732,drowsy,26
2846,94.867,0.1742,drowsy,27
2847,94.900,0.1757,drowsy,28
2848,94.933,0.1725,drowsy,29
2849,94.967,0.1667,drowsy,30
2850,95.000,0.1759,drowsy,31
2851,95.033,0.1707,drowsy,32
2852,95.067,0.1704,drowsy,33
2853,95.100,0.1712,drowsy,34
2854,95.133,0.1696,drowsy,35
2855,95.167,0.1710,drowsy,36
2856,95.200,0.1684,drowsy,37
2857,95.233,0.1666,drowsy,38
2858,95.267,0.1647,drowsy,39
2859,95.300,0.1645,drowsy,40
2860,95.333,0.1651,drowsy,41
2861,95.367,0.1698,drowsy,42
2862,95.400,0.1642,drowsy,43
2863,95.433,0.1648,drowsy,44
2864,95.467,0.1645,drowsy,45
2865,95.500,0.1668,drowsy,46
2866,95.533,0.1669,drowsy,47
2867,95.567,0.1719,drowsy,48
2868,95.600,0.1582,drowsy,49
2869,95.633,0.1626,drowsy,50
2870,95.667,0.1655,drowsy,51
2871,95.700,0.1563,drowsy,52
2872,95.733,0.1697,drowsy,53
2873,95.767,0.1621,drowsy,54
2874,95.800,0.1591,drowsy,55
2875,95.833,0.1660,drowsy,56
2876,95.867,0.1531,drowsy,57
2877,95.900,0.1625,drowsy,58
2878,95.933,0.1575,drowsy,59
2879,95.967,0.1613,drowsy,60
2880,96.000,0.0500,drowsy,61
2881,96.033,0.0500,drowsy,62
2882,96.067,0.0500,drowsy,63
2883,96.100,0.1691,drowsy,64
2884,96.133,0.1609,drowsy,65
2885,96.167,0.1591,drowsy,66
2886,96.200,0.1653,drowsy,67
2887,96.233,0.1601,drowsy,68
2888,96.267,0.1619,drowsy,69
2889,96.300,0.1444,drowsy,70
2890,96.333,0.1619,drowsy,71
2891,96.367,0.1598,drowsy,72
2892,96.400,0.1583,drowsy,73
2893,96.433,0.1574,drowsy,74
2894,96.467,0.1636,drowsy,75
2895,96.500,0.1518,drowsy,76
2896,96.533,0.1726,drowsy,77
2897,96.567,0.1646,drowsy,78
2898,96.600,0.1615,drowsy,79
2899,96.633,0.1677,drowsy,80
2900,96.667,0.1612,drowsy,81
2901,96.700,0.1566,drowsy,82
2902,96.733,0.1644,drowsy,83
2903,96.767,0.1538,drowsy,84
2904,96.800,0.1629,drowsy,85
2905,96.833,0.1654,drowsy,86
2906,96.867,0.1628,drowsy,87
2907,96.900,0.1550,drowsy,88
2908,96.933,0.1618,drowsy,89
2909,96.967,0.1606,drowsy,90
2910,97.000,0.1583,drowsy,91
2911,97.033,0.1522,drowsy,92
2912,97.067,0.1569,drowsy,93
2913,97.100,0.1598,drowsy,94
2914,97.133,0.1665,drowsy,95
2915,97.167,0.1732,drowsy,96
2916,97.200,0.1658,drowsy,97
2917,97.233,0.1595,drowsy,98
2918,97.267,0.1612,drowsy,99
2919,97.300,0.1674,drowsy,100
2920,97.333,0.1658,drowsy,101
2921,97.367,0.1652,drowsy,102
2922,97.400,0.1649,drowsy,103
2923,97.433,0.1690,drowsy,104
2924,97.467,0.1734,drowsy,105
2925,97.500,0.1648,drowsy,106
2926,97.533,0.1657,drowsy,107
2927,97.567,0.1674,drowsy,108
2928,97.600,0.1639,drowsy,109
2929,97.633,0.1573,drowsy,110
2930,97.667,0.1684,drowsy,111
2931,97.700,0.1638,drowsy,112
2932,97.733,0.1724,drowsy,113
2933,97.767,0.1682,drowsy,114
2934,97.800,0.1738,drowsy,115
2935,97.833,0.1648,drowsy,116
2936,97.867,0.1731,drowsy,117
2937,97.900,0.1624,drowsy,118
2938,97.933,0.1731,drowsy,119
2939,97.967,0.1688,drowsy,120
2940,98.000,0.1739,drowsy,121
2941,98.033,0.1691,drowsy,122
2942,98.067,0.1737,drowsy,123
2943,98.100,0.1734,drowsy,124
2944,98.133,0.1733,drowsy,125
2945,98.167,0.1740,drowsy,126
2946,98.200,0.1794,drowsy,127
2947,98.233,0.1709,drowsy,128
2948,98.267,0.1792,drowsy,129
2949,98.300,0.1726,drowsy,130
2950,98.333,0.1793,drowsy,131
2951,98.367,0.1842,drowsy,132
2952,98.400,0.1721,drowsy,133
2953,98.433,0.1672,drowsy,134
2954,98.467,0.1769,drowsy,135
2955,98.500,0.1739,drowsy,136
2956,98.533,0.1751,drowsy,137
2957,98.567,0.1763,drowsy,138
2958,98.600,0.1760,drowsy,139
2959,98.633,0.1843,drowsy,140
2960,98.667,0.1835,drowsy,141
2961,98.700,0.1841,drowsy,142
2962,98.733,0.1892,drowsy,143
2963,98.767,0.1773,drowsy,144
2964,98.800,0.1709,drowsy,145
2965,98.833,0.1895,drowsy,146
2966,98.867,0.1828,drowsy,147
2967,98.900,0.1821,drowsy,148
2968,98.933,0.1755,drowsy,149
2969,98.967,0.1778,drowsy,150
2970,99.000,0.0500,drowsy,151
2971,99.033,0.0500,drowsy,152
2972,99.067,0.0500,drowsy,153
2973,99.100,0.1813,drowsy,154
2974,99.133,0.1897,drowsy,155
2975,99.167,0.1911,drowsy,156
2976,99.200,0.1872,drowsy,157
2977,99.233,0.1982,drowsy,158
2978,99.267,0.1914,drowsy,159
2979,99.300,0.1949,drowsy,160
2980,99.333,0.1935,drowsy,161
2981,99.367,0.1919,drowsy,162
2982,99.400,0.1836,drowsy,163
2983,99.433,0.1830,drowsy,164
2984,99.467,0.1868,drowsy,165
2985,99.500,0.1912,drowsy,166
2986,99.533,0.1906,drowsy,167
2987,99.567,0.1925,drowsy,168
2988,99.600,0.1913,drowsy,169
2989,99.633,0.1937,drowsy,170
2990,99.667,0.1961,drowsy,171
2991,99.700,0.1925,drowsy,172
2992,99.733,0.1917,drowsy,173
2993,99.767,0.1827,drowsy,174
2994,99.800,0.1970,drowsy,175
2995,99.833,0.1908,drowsy,176
2996,99.867,0.1906,drowsy,177
2997,99.900,0.1980,drowsy,178
2998,99.933,0.1985,drowsy,179
2999,99.967,0.1979,drowsy,180
3000,100.000,0.1993,drowsy,181
3001,100.033,0.1914,drowsy,182
3002,100.067,0.1951,drowsy,183
3003,100.100,0.1941,drowsy,184
3004,100.133,0.2035,drowsy,185
3005,100.167,0.2003,drowsy,186
3006,100.200,0.1961,drowsy,187
3007,100.233,0.2007,drowsy,188
3008,100.267,0.1991,drowsy,189
3009,100.300,0.1973,drowsy,190
3010,100.333,0.1999,drowsy,191
3011,100.367,0.2016,drowsy,192
3012,100.400,0.1978,drowsy,193
3013,100.433,0.1936,drowsy,194
3014,100.467,0.2001,drowsy,195
3015,100.500,0.1978,drowsy,196
3016,100.533,0.1944,drowsy,197
3017,100.567,0.1961,drowsy,198
3018,100.600,0.1983,drowsy,199
3019,100.633,0.1995,drowsy,200
3020,100.667,0.2018,drowsy,201
3021,100.700,0.1988,drowsy,202
3022,100.733,0.2015,drowsy,203
3023,100.767,0.1983,drowsy,204
3024,100.800,0.2020,drowsy,205
3025,100.833,0.2015,drowsy,206
3026,100.867,0.2022,drowsy,207
3027,100.900,0.2057,drowsy,208
3028,100.933,0.1989,drowsy,209
3029,100.967,0.1936,drowsy,210
3030,101.000,0.1997,drowsy,211
3031,101.033,0.2032,drowsy,212
3032,101.067,0.2001,drowsy,213
3033,101.100,0.2012,drowsy,214
3034,101.133,0.1930,drowsy,215
3035,101.167,0.1965,drowsy,216
3036,101.200,0.2019,drowsy,217
3037,101.233,0.2028,drowsy,218
3038,101.267,0.1966,drowsy,219
3039,101.300,0.2010,drowsy,220
3040,101.333,0.1965,drowsy,221
3041,101.367,0.1947,drowsy,222
3042,101.400,0.1994,drowsy,223
3043,101.433,0.1999,drowsy,224
3044,101.467,0.2004,drowsy,225
3045,101.500,0.2016,drowsy,226
3046,101.533,0.2052,drowsy,227
3047,101.567,0.2021,drowsy,228
3048,101.600,0.1967,drowsy,229
3049,101.633,0.2017,drowsy,230
3050,101.667,0.1919,drowsy,231
3051,101.700,0.1979,drowsy,232
3052,101.733,0.2015,drowsy,233
3053,101.767,0.1998,drowsy,234
3054,101.800,0.2001,drowsy,235
3055,101.833,0.2042,drowsy,236
3056,101.867,0.1933,drowsy,237
3057,101.900,0.1992,drowsy,238
3058,101.933,0.1953,drowsy,239
3059,101.967,0.1999,drowsy,240
3060,102.000,0.0500,drowsy,241
3061,102.033,0.1679,drowsy,242
3062,102.067,0.1707,drowsy,243
3063,102.100,0.3167,awake,0
3064,102.133,0.3130,awake,0
3065,102.167,0.3120,awake,0
3066,102.200,0.3104,awake,0
3067,102.233,0.3169,awake,0
3068,102.267,0.3177,awake,0
3069,102.300,0.3111,awake,0
3070,102.333,0.3044,awake,0
3071,102.367,0.3088,awake,0
3072,102.400,0.3126,awake,0
3073,102.433,0.3067,awake,0
3074,102.467,0.3023,awake,0
3075,102.500,0.3079,awake,0
3076,102.533,0.3011,awake,0
3077,102.567,0.3102,awake,0
3078,102.600,0.3069,awake,0
3079,102.633,0.3083,awake,0
3080,102.667,0.3128,awake,0
3081,102.700,0.3035,awake,0
3082,102.733,0.2981,awake,0
3083,102.767,0.3062,awake,0
3084,102.800,0.3077,awake,0
3085,102.833,0.2997,awake,0
3086,102.867,0.3035,awake,0
3087,102.900,0.3031,awake,0
3088,102.933,0.3041,awake,0
3089,102.967,0.3011,awake,0
3090,103.000,0.3138,awake,0
3091,103.033,0.3016,awake,0
3092,103.067,0.3029,awake,0
3093,103.100,0.2998,awake,0
3094,103.133,0.2907,awake,0
3095,103.167,0.3063,awake,0
3096,103.200,0.2877,awake,0
3097,103.233,0.3053,awake,0
3098,103.267,0.2941,awake,0
3099,103.300,0.2935,awake,0
3100,103.333,0.2980,awake,0
3101,103.367,0.3068,awake,0
3102,103.400,0.2988,awake,0
3103,103.433,0.2963,awake,0
3104,103.467,0.2935,awake,0
3105,103.500,0.2988,awake,0
3106,103.533,0.2942,awake,0
3107,103.567,0.2981,awake,0
3108,103.600,0.2869,awake,0
3109,103.633,0.2965,awake,0
3110,103.667,0.2952,awake,0
3111,103.700,0.2880,awake,0
3112,103.733,0.2889,awake,0
3113,103.767,0.2920,awake,0
3114,103.800,0.2902,awake,0
3115,103.833,0.2929,awake,0
3116,103.867,0.2856,awake,0
3117,103.900,0.2873,awake,0
3118,103.933,0.2989,awake,0
3119,103.967,0.2867,awake,0
3120,104.000,0.2880,awake,0
3121,104.033,0.2886,awake,0
3122,104.067,0.2878,awake,0
3123,104.100,0.2933,awake,0
3124,104.133,0.2858,awake,0
3125,104.167,0.2912,awake,0
3126,104.200,0.2840,awake,0
3127,104.233,0.2901,awake,0
3128,104.267,0.2858,awake,0
3129,104.300,0.2856,awake,0
3130,104.333,0.2856,awake,0
3131,104.367,0.2879,awake,0
3132,104.400,0.2806,awake,0
3133,104.433,0.2811,awake,0
3134,104.467,0.2929,awake,0
3135,104.500,0.2864,awake,0
3136,104.533,0.2827,awake,0
3137,104.567,0.2864,awake,0
3138,104.600,0.2833,awake,0
3139,104.633,0.2743,awake,0
3140,104.667,0.2837,awake,0
3141,104.700,0.2823,awake,0
3142,104.733,0.2840,awake,0
3143,104.767,0.2793,awake,0
3144,104.800,0.2813,awake,0
3145,104.833,0.2865,awake,0
3146,104.867,0.2811,awake,0
3147,104.900,0.2798,awake,0
3148,104.933,0.2828,awake,0
3149,104.967,0.2796,awake,0
3150,105.000,0.1353,awake,1
3151,105.033,0.1302,awake,2
3152,105.067,0.1322,awake,3
3153,105.100,0.2778,awake,0
3154,105.133,0.2756,awake,0
3155,105.167,0.2833,awake,0
3156,105.200,0.2814,awake,0
3157,105.233,0.2828,awake,0
3158,105.267,0.2831,awake,0
3159,105.300,0.2743,awake,0
3160,105.333,0.2806,awake,0
3161,105.367,0.2720,awake,0
3162,105.400,0.2821,awake,0
3163,105.433,0.2757,awake,0
3164,105.467,0.2819,awake,0
3165,105.500,0.2829,awake,0
3166,105.533,0.2779,awake,0
3167,105.567,0.2800,awake,0
3168,105.600,0.2850,awake,0
3169,105.633,0.2735,awake,0
3170,105.667,0.2828,awake,0
3171,105.700,0.2807,awake,0
3172,105.733,0.2841,awake,0
3173,105.767,0.2738,awake,0
3174,105.800,0.2806,awake,0
3175,105.833,0.2851,awake,0
3176,105.867,0.2862,awake,0
3177,105.900,0.2778,awake,0
3178,105.933,0.2799,awake,0
3179,105.967,0.2886,awake,0
3180,106.000,0.2757,awake,0
3181,106.033,0.2814,awake,0
3182,106.067,0.2824,awake,0
3183,106.100,0.2826,awake,0
3184,106.133,0.2784,awake,0
3185,106.167,0.2862,awake,0
3186,106.200,0.2861,awake,0
3187,106.233,0.2901,awake,0
3188,106.267,0.2799,awake,0
3189,106.300,0.2814,awake,0
3190,106.333,0.2879,awake,0
3191,106.367,0.2911,awake,0
3192,106.400,0.2841,awake,0
3193,106.433,0.2783,awake,0
3194,106.467,0.2838,awake,0
3195,106.500,0.2889,awake,0
3196,106.533,0.2880,awake,0
3197,106.567,0.2901,awake,0
3198,106.600,0.2937,awake,0
3199,106.633,0.2846,awake,0
3200,106.667,0.2830,awake,0
3201,106.700,0.2822,awake,0
3202,106.733,0.2869,awake,0
3203,106.767,0.2918,awake,0
3204,106.800,0.2950,awake,0
3205,106.833,0.2893,awake,0
3206,106.867,0.2889,awake,0
3207,106.900,0.2887,awake,0
3208,106.933,0.2945,awake,0
3209,106.967,0.2870,awake,0
3210,107.000,0.2900,awake,0
3211,107.033,0.2905,awake,0
3212,107.067,0.2912,awake,0
3213,107.100,0.2989,awake,0
3214,107.133,0.2886,awake,0
3215,107.167,0.3024,awake,0
3216,107.200,0.2904,awake,0
3217,107.233,0.2901,awake,0
3218,107.267,0.2912,awake,0
3219,107.300,0.2969,awake,0
3220,107.333,0.2947,awake,0
3221,107.367,0.2997,awake,0
3222,107.400,0.2924,awake,0
3223,107.433,0.2894,awake,0
3224,107.467,0.2951,awake,0
3225,107.500,0.2982,awake,0
3226,107.533,0.2916,awake,0
3227,107.567,0.2975,awake,0
3228,107.600,0.3006,awake,0
3229,107.633,0.2957,awake,0
3230,107.667,0.2961,awake,0
3231,107.700,0.2955,awake,0
3232,107.733,0.2997,awake,0
3233,107.767,0.3026,awake,0
3234,107.800,0.3122,awake,0
3235,107.833,0.3064,awake,0
3236,107.867,0.2971,awake,0
3237,107.900,0.2965,awake,0
3238,107.933,0.3026,awake,0
3239,107.967,0.3098,awake,0
3240,108.000,0.1566,awake,1
3241,108.033,0.1524,awake,2
3242,108.067,0.1589,awake,3
3243,108.100,0.3109,awake,0
3244,108.133,0.3117,awake,0
3245,108.167,0.3020,awake,0
3246,108.200,0.3085,awake,0
3247,108.233,0.3020,awake,0
3248,108.267,0.3044,awake,0
3249,108.300,0.3029,awake,0
3250,108.333,0.3074,awake,0
3251,108.367,0.3031,awake,0
3252,108.400,0.3124,awake,0
3253,108.433,0.3096,awake,0
3254,108.467,0.3066,awake,0
3255,108.500,0.3124,awake,0
3256,108.533,0.3170,awake,0
3257,108.567,0.3126,awake,0
3258,108.600,0.3093,awake,0
3259,108.633,0.3109,awake,0
3260,108.667,0.3120,awake,0
3261,108.700,0.3100,awake,0
3262,108.733,0.3063,awake,0
3263,108.767,0.3119,awake,0
3264,108.800,0.3188,awake,0
3265,108.833,0.3108,awake,0
3266,108.867,0.3067,awake,0
3267,108.900,0.3144,awake,0
3268,108.933,0.3195,awake,0
3269,108.967,0.3085,awake,0
3270,109.000,0.3164,awake,0
3271,109.033,0.3176,awake,0
3272,109.067,0.3184,awake,0
3273,109.100,0.3187,awake,0
3274,109.133,0.3192,awake,0
3275,109.167,0.3107,awake,0
3276,109.200,0.3197,awake,0
3277,109.233,0.3230,awake,0
3278,109.267,0.3168,awake,0
3279,109.300,0.3194,awake,0
3280,109.333,0.3141,awake,0
3281,109.367,0.3235,awake,0
3282,109.400,0.3160,awake,0
3283,109.433,0.3253,awake,0
3284,109.467,0.3173,awake,0
3285,109.500,0.3217,awake,0
3286,109.533,0.3170,awake,0
3287,109.567,0.3268,awake,0
3288,109.600,0.3115,awake,0
3289,109.633,0.3210,awake,0
3290,109.667,0.3113,awake,0
3291,109.700,0.3149,awake,0
3292,109.733,0.3273,awake,0
3293,109.767,0.3235,awake,0
3294,109.800,0.3118,awake,0
3295,109.833,0.3199,awake,0
3296,109.867,0.3175,awake,0
3297,109.900,0.3223,awake,0
3298,109.933,0.3274,awake,0
3299,109.967,0.3226,awake,0
3300,110.000,0.3217,awake,0
3301,110.033,0.3220,awake,0
3302,110.067,0.3156,awake,0
3303,110.100,0.3227,awake,0
3304,110.133,0.3235,awake,0
3305,110.167,0.3173,awake,0
3306,110.200,0.3171,awake,0
3307,110.233,0.3254,awake,0
3308,110.267,0.3204,awake,0
3309,110.300,0.3149,awake,0
3310,110.333,0.3176,awake,0
3311,110.367,0.3173,awake,0
3312,110.400,0.3188,awake,0
3313,110.433,0.3186,awake,0
3314,110.467,0.3177,awake,0
3315,110.500,0.3253,awake,0
3316,110.533,0.3217,awake,0
3317,110.567,0.3241,awake,0
3318,110.600,0.3112,awake,0
3319,110.633,0.3182,awake,0
3320,110.667,0.3223,awake,0
3321,110.700,0.3202,awake,0
3322,110.733,0.3144,awake,0
3323,110.767,0.3138,awake,0
3324,110.800,0.3204,awake,0
3325,110.833,0.3155,awake,0
3326,110.867,0.3187,awake,0
3327,110.900,0.3164,awake,0
3328,110.933,0.3150,awake,0
3329,110.967,0.3157,awake,0
3330,111.000,0.1616,awake,1
3331,111.033,0.1714,awake,2
3332,111.067,0.1664,awake,3
3333,111.100,0.3195,awake,0
3334,111.133,0.3115,awake,0
3335,111.167,0.3111,awake,0
3336,111.200,0.3116,awake,0
3337,111.233,0.3091,awake,0
3338,111.267,0.3149,awake,0
3339,111.300,0.3146,awake,0
3340,111.333,0.3093,awake,0
3341,111.367,0.3097,awake,0
3342,111.400,0.3121,awake,0
3343,111.433,0.3072,awake,0
3344,111.467,0.3082,awake,0
3345,111.500,0.3157,awake,0
3346,111.533,0.3060,awake,0
3347,111.567,0.3065,awake,0
3348,111.600,0.3182,awake,0
3349,111.633,0.2992,awake,0
3350,111.667,0.3026,awake,0
3351,111.700,0.3140,awake,0
3352,111.733,0.3048,awake,0
3353,111.767,0.3080,awake,0
3354,111.800,0.3140,awake,0
3355,111.833,0.3022,awake,0
3356,111.867,0.3023,awake,0
3357,111.900,0.3058,awake,0
3358,111.933,0.3034,awake,0
3359,111.967,0.3011,awake,0
3360,112.000,0.3023,awake,0
3361,112.033,0.2970,awake,0
3362,112.067,0.3037,awake,0
3363,112.100,0.3047,awake,0
3364,112.133,0.3003,awake,0
3365,112.167,0.2996,awake,0
3366,112.200,0.3022,awake,0
3367,112.233,0.2974,awake,0
3368,112.267,0.2978,awake,0
3369,112.300,0.2983,awake,0
3370,112.333,0.3040,awake,0
3371,112.367,0.2975,awake,0
3372,112.400,0.2968,awake,0
3373,112.433,0.2961,awake,0
3374,112.467,0.2947,awake,0
3375,112.500,0.2920,awake,0
3376,112.533,0.2917,awake,0
3377,112.567,0.2984,awake,0
3378,112.600,0.2922,awake,0
3379,112.633,0.2944,awake,0
3380,112.667,0.2917,awake,0
3381,112.700,0.2878,awake,0
3382,112.733,0.2908,awake,0
3383,112.767,0.2979,awake,0
3384,112.800,0.2902,awake,0
3385,112.833,0.2887,awake,0
3386,112.867,0.2893,awake,0
3387,112.900,0.2892,awake,0
3388,112.933,0.2911,awake,0
3389,112.967,0.2881,awake,0
3390,113.000,0.2890,awake,0
3391,113.033,0.2870,awake,0
3392,113.067,0.2900,awake,0
3393,113.100,0.2895,awake,0
3394,113.133,0.2887,awake,0
3395,113.167,0.2900,awake,0
3396,113.200,0.2867,awake,0
3397,113.233,0.2916,awake,0
3398,113.267,0.2883,awake,0
3399,113.300,0.2920,awake,0
3400,113.333,0.2854,awake,0
3401,113.367,0.2865,awake,0
3402,113.400,0.2824,awake,0
3403,113.433,0.2849,awake,0
3404,113.467,0.2878,awake,0
3405,113.500,0.2827,awake,0
3406,113.533,0.2899,awake,0
3407,113.567,0.2838,awake,0
3408,113.600,0.2897,awake,0
3409,113.633,0.2789,awake,0
3410,113.667,0.2818,awake,0
3411,113.700,0.2807,awake,0
3412,113.733,0.2865,awake,0
3413,113.767,0.2848,awake,0
3414,113.800,0.2817,awake,0
3415,113.833,0.2800,awake,0
3416,113.867,0.2815,awake,0
3417,113.900,0.2843,awake,0
3418,113.933,0.2846,awake,0
3419,113.967,0.2809,awake,0
3420,114.000,0.1292,awake,1
3421,114.033,0.1312,awake,2
3422,114.067,0.1312,awake,3
3423,114.100,0.2816,awake,0
3424,114.133,0.2787,awake,0
3425,114.167,0.2873,awake,0
3426,114.200,0.2778,awake,0
3427,114.233,0.2863,awake,0
3428,114.267,0.2857,awake,0
3429,114.300,0.2839,awake,0
3430,114.333,0.2876,awake,0
3431,114.367,0.2823,awake,0
3432,114.400,0.2787,awake,0
3433,114.433,0.2779,awake,0
3434,114.467,0.2773,awake,0
3435,114.500,0.2834,awake,0
3436,114.533,0.2741,awake,0
3437,114.567,0.2744,awake,0
3438,114.600,0.2862,awake,0
3439,114.633,0.2842,awake,0
3440,114.667,0.2819,awake,0
3441,114.700,0.2840,awake,0
3442,114.733,0.2835,awake,0
3443,114.767,0.2798,awake,0
3444,114.800,0.2747,awake,0
3445,114.833,0.2859,awake,0
3446,114.867,0.2827,awake,0
3447,114.900,0.2755,awake,0
3448,114.933,0.2817,awake,0
3449,114.967,0.2795,awake,0
3450,115.000,0.2810,awake,0
3451,115.033,0.2804,awake,0
3452,115.067,0.2841,awake,0
3453,115.100,0.2812,awake,0
3454,115.133,0.2777,awake,0
3455,115.167,0.2852,awake,0
3456,115.200,0.2847,awake,0
3457,115.233,0.2773,awake,0
3458,115.267,0.2849,awake,0
3459,115.300,0.2870,awake,0
3460,115.333,0.2831,awake,0
3461,115.367,0.2848,awake,0
3462,115.400,0.2813,awake,0
3463,115.433,0.2776,awake,0
3464,115.467,0.2870,awake,0
3465,115.500,0.2849,awake,0
3466,115.533,0.2873,awake,0
3467,115.567,0.2849,awake,0
3468,115.600,0.2852,awake,0
3469,115.633,0.2872,awake,0
3470,115.667,0.2866,awake,0
3471,115.700,0.2907,awake,0
3472,115.733,0.2859,awake,0
3473,115.767,0.2822,awake,0
3474,115.800,0.2889,awake,0
3475,115.833,0.2835,awake,0
3476,115.867,0.2790,awake,0
3477,115.900,0.2851,awake,0
3478,115.933,0.2882,awake,0
3479,115.967,0.2871,awake,0
3480,116.000,0.2846,awake,0
3481,116.033,0.2903,awake,0
3482,116.067,0.2964,awake,0
3483,116.100,0.2953,awake,0
3484,116.133,0.2925,awake,0
3485,116.167,0.2966,awake,0
3486,116.200,0.2915,awake,0
3487,116.233,0.2902,awake,0
3488,116.267,0.2969,awake,0
3489,116.300,0.2903,awake,0
3490,116.333,0.2964,awake,0
3491,116.367,0.2954,awake,0
3492,116.400,0.2945,awake,0
3493,116.433,0.2946,awake,0
3494,116.467,0.3015,awake,0
3495,116.500,0.2910,awake,0
3496,116.533,0.2989,awake,0
3497,116.567,0.2972,awake,0
3498,116.600,0.2958,awake,0
3499,116.633,0.2994,awake,0
3500,116.667,0.3010,awake,0
3501,116.700,0.2999,awake,0
3502,116.733,0.3016,awake,0
3503,116.767,0.3068,awake,0
3504,116.800,0.2992,awake,0
3505,116.833,0.3037,awake,0
3506,116.867,0.2955,awake,0
3507,116.900,0.3048,awake,0
3508,116.933,0.2960,awake,0
3509,116.967,0.3064,awake,0
3510,117.000,0.1524,awake,1
3511,117.033,0.1554,awake,2
3512,117.067,0.1494,awake,3
3513,117.100,0.3058,awake,0
3514,117.133,0.3094,awake,0
3515,117.167,0.3091,awake,0
3516,117.200,0.3070,awake,0
3517,117.233,0.3074,awake,0
3518,117.267,0.3125,awake,0
3519,117.300,0.3113,awake,0
3520,117.333,0.3062,awake,0
3521,117.367,0.3068,awake,0
3522,117.400,0.3068,awake,0
3523,117.433,0.3098,awake,0
3524,117.467,0.3057,awake,0
3525,117.500,0.3021,awake,0
3526,117.533,0.3103,awake,0
3527,117.567,0.3126,awake,0
3528,117.600,0.3127,awake,0
3529,117.633,0.3166,awake,0
3530,117.667,0.3075,awake,0
3531,117.700,0.3110,awake,0
3532,117.733,0.3076,awake,0
3533,117.767,0.3147,awake,0
3534,117.800,0.3136,awake,0
3535,117.833,0.3125,awake,0
3536,117.867,0.3149,awake,0
3537,117.900,0.3122,awake,0
3538,117.933,0.3112,awake,0
3539,117.967,0.3219,awake,0
3540,118.000,0.3191,awake,0
3541,118.033,0.3154,awake,0
3542,118.067,0.3103,awake,0
3543,118.100,0.3158,awake,0
3544,118.133,0.3193,awake,0
3545,118.167,0.3179,awake,0
3546,118.200,0.3215,awake,0
3547,118.233,0.3226,awake,0
3548,118.267,0.3175,awake,0
3549,118.300,0.3162,awake,0
3550,118.333,0.3163,awake,0
3551,118.367,0.3168,awake,0
3552,118.400,0.3222,awake,0
3553,118.433,0.3171,awake,0
3554,118.467,0.3122,awake,0
3555,118.500,0.3210,awake,0
3556,118.533,0.3188,awake,0
3557,118.567,0.3175,awake,0
3558,118.600,0.3116,awake,0
3559,118.633,0.3242,awake,0
3560,118.667,0.3224,awake,0
3561,118.700,0.3152,awake,0
3562,118.733,0.3204,awake,0
3563,118.767,0.3155,awake,0
3564,118.800,0.3145,awake,0
3565,118.833,0.3116,awake,0
3566,118.867,0.3231,awake,0
3567,118.900,0.3235,awake,0
3568,118.933,0.3188,awake,0
3569,118.967,0.3198,awake,0
3570,119.000,0.3270,awake,0
3571,119.033,0.3169,awake,0
3572,119.067,0.3152,awake,0
3573,119.100,0.3204,awake,0
3574,119.133,0.3220,awake,0
3575,119.167,0.3185,awake,0
3576,119.200,0.3139,awake,0
3577,119.233,0.3165,awake,0
3578,119.267,0.3222,awake,0
3579,119.300,0.3222,awake,0
3580,119.333,0.3125,awake,0
3581,119.367,0.3142,awake,0
3582,119.400,0.3150,awake,0
3583,119.433,0.3187,awake,0
3584,119.467,0.3274,awake,0
3585,119.500,0.3173,awake,0
3586,119.533,0.3185,awake,0
3587,119.567,0.3149,awake,0
3588,119.600,0.3282,awake,0
3589,119.633,0.3152,awake,0
3590,119.667,0.3154,awake,0
3591,119.700,0.3178,awake,0
3592,119.733,0.3116,awake,0
3593,119.767,0.3199,awake,0
3594,119.800,0.3164,awake,0
3595,119.833,0.3128,awake,0
3596,119.867,0.3135,awake,0
3597,119.900,0.3080,awake,0
3598,119.933,0.3131,awake,0
3599,119.967,0.3059,awake,0
3600,120.000,0.1629,awake,1
3601,120.033,0.1624,awake,2
3602,120.067,0.1617,awake,3
3603,120.100,0.3113,awake,0
3604,120.133,0.3100,awake,0
3605,120.167,0.3179,awake,0
3606,120.200,0.3184,awake,0
3607,120.233,0.3116,awake,0
3608,120.267,0.3165,awake,0
3609,120.300,0.3103,awake,0
3610,120.333,0.3099,awake,0
3611,120.367,0.3074,awake,0
3612,120.400,0.3131,awake,0
3613,120.433,0.3124,awake,0
3614,120.467,0.3044,awake,0
3615,120.500,0.3098,awake,0
3616,120.533,0.3066,awake,0
3617,120.567,0.3047,awake,0
3618,120.600,0.3077,awake,0
3619,120.633,0.2997,awake,0
3620,120.667,0.3052,awake,0
3621,120.700,0.3141,awake,0
3622,120.733,0.3078,awake,0
3623,120.767,0.3011,awake,0
3624,120.800,0.3074,awake,0
3625,120.833,0.3051,awake,0
3626,120.867,0.3030,awake,0
3627,120.900,0.3015,awake,0
3628,120.933,0.3034,awake,0
3629,120.967,0.3005,awake,0
3630,121.000,0.3018,awake,0
3631,121.033,0.3049,awake,0
3632,121.067,0.3048,awake,0
3633,121.100,0.2959,awake,0
3634,121.133,0.2987,awake,0
3635,121.167,0.3066,awake,0
3636,121.200,0.3068,awake,0
3637,121.233,0.3007,awake,0
3638,121.267,0.3052,awake,0
3639,121.300,0.3031,awake,0
3640,121.333,0.2973,awake,0
3641,121.367,0.2893,awake,0
3642,121.400,0.2966,awake,0
3643,121.433,0.2913,awake,0
3644,121.467,0.2965,awake,0
3645,121.500,0.3025,awake,0
3646,121.533,0.2960,awake,0
3647,121.567,0.2915,awake,0
3648,121.600,0.2895,awake,0
3649,121.633,0.2859,awake,0
3650,121.667,0.2856,awake,0
3651,121.700,0.2993,awake,0
3652,121.733,0.2958,awake,0
3653,121.767,0.2914,awake,0
3654,121.800,0.2909,awake,0
3655,121.833,0.2909,awake,0
3656,121.867,0.2907,awake,0
3657,121.900,0.2959,awake,0
3658,121.933,0.2914,awake,0
3659,121.967,0.2816,awake,0
3660,122.000,0.2933,awake,0
3661,122.033,0.2810,awake,0
3662,122.067,0.2867,awake,0
3663,122.100,0.2824,awake,0
3664,122.133,0.2877,awake,0
3665,122.167,0.2822,awake,0
3666,122.200,0.2813,awake,0
3667,122.233,0.2823,awake,0
3668,122.267,0.2894,awake,0
3669,122.300,0.2851,awake,0
3670,122.333,0.2882,awake,0
3671,122.367,0.2906,awake,0
3672,122.400,0.2858,awake,0
3673,122.433,0.2869,awake,0
3674,122.467,0.2804,awake,0
3675,122.500,0.2837,awake,0
3676,122.533,0.2791,awake,0
3677,122.567,0.2857,awake,0
3678,122.600,0.2868,awake,0
3679,122.633,0.2868,awake,0
3680,122.667,0.2826,awake,0
3681,122.700,0.2861,awake,0
3682,122.733,0.2817,awake,0
3683,122.767,0.2798,awake,0
3684,122.800,0.2839,awake,0
3685,122.833,0.2846,awake,0
3686,122.867,0.2903,awake,0
3687,122.900,0.2842,awake,0
3688,122.933,0.2767,awake,0
3689,122.967,0.2771,awake,0
3690,123.000,0.1257,awake,1
3691,123.033,0.1310,awake,2
3692,123.067,0.1262,awake,3
3693,123.100,0.2859,awake,0
3694,123.133,0.2792,awake,0
3695,123.167,0.2829,awake,0
3696,123.200,0.2808,awake,0
3697,123.233,0.2815,awake,0
3698,123.267,0.2760,awake,0
3699,123.300,0.2799,awake,0
3700,123.333,0.2783,awake,0
3701,123.367,0.2796,awake,0
3702,123.400,0.2805,awake,0
3703,123.433,0.2827,awake,0
3704,123.467,0.2781,awake,0
3705,123.500,0.2833,awake,0
3706,123.533,0.2814,awake,0
3707,123.567,0.2867,awake,0
3708,123.600,0.2669,awake,0
3709,123.633,0.2777,awake,0
3710,123.667,0.2853,awake,0
3711,123.700,0.2703,awake,0
3712,123.733,0.2864,awake,0
3713,123.767,0.2809,awake,0
3714,123.800,0.2725,awake,0
3715,123.833,0.2837,awake,0
3716,123.867,0.2768,awake,0
3717,123.900,0.2775,awake,0
3718,123.933,0.2871,awake,0
3719,123.967,0.2799,awake,0
3720,124.000,0.2778,awake,0
3721,124.033,0.2898,awake,0
3722,124.067,0.2857,awake,0
3723,124.100,0.2809,awake,0
3724,124.133,0.2793,awake,0
3725,124.167,0.2819,awake,0
3726,124.200,0.2892,awake,0
3727,124.233,0.2792,awake,0
3728,124.267,0.2783,awake,0
3729,124.300,0.2888,awake,0
3730,124.333,0.2828,awake,0
3731,124.367,0.2846,awake,0
3732,124.400,0.2866,awake,0
3733,124.433,0.2833,awake,0
3734,124.467,0.2754,awake,0
3735,124.500,0.2846,awake,0
3736,124.533,0.2907,awake,0
3737,124.567,0.2948,awake,0
3738,124.600,0.2860,awake,0
3739,124.633,0.2867,awake,0
3740,124.667,0.2926,awake,0
3741,124.700,0.2899,awake,0
3742,124.733,0.2891,awake,0
3743,124.767,0.2803,awake,0
3744,124.800,0.2870,awake,0
3745,124.833,0.2899,awake,0
3746,124.867,0.2834,awake,0
3747,124.900,0.2883,awake,0
3748,124.933,0.2970,awake,0
3749,124.967,0.2896,awake,0
3750,125.000,0.2853,awake,0
3751,125.033,0.2839,awake,0
3752,125.067,0.2918,awake,0
3753,125.100,0.2900,awake,0
3754,125.133,0.2893,awake,0
3755,125.167,0.2941,awake,0
3756,125.200,0.2948,awake,0
3757,125.233,0.2948,awake,0
3758,125.267,0.2959,awake,0
3759,125.300,0.2900,awake,0
3760,125.333,0.2929,awake,0
3761,125.367,0.2946,awake,0
3762,125.400,0.2961,awake,0
3763,125.433,0.3007,awake,0
3764,125.467,0.2943,awake,0
3765,125.500,0.2946,awake,0
3766,125.533,0.3041,awake,0
3767,125.567,0.2993,awake,0
3768,125.600,0.2935,awake,0
3769,125.633,0.2983,awake,0
3770,125.667,0.2951,awake,0
3771,125.700,0.2960,awake,0
3772,125.733,0.2956,awake,0
3773,125.767,0.2983,awake,0
3774,125.800,0.3101,awake,0
3775,125.833,0.3064,awake,0
3776,125.867,0.3084,awake,0
3777,125.900,0.3076,awake,0
3778,125.933,0.3032,awake,0
3779,125.967,0.3058,awake,0
3780,126.000,0.1551,awake,1
3781,126.033,0.1508,awake,2
3782,126.067,0.1509,awake,3
3783,126.100,0.3096,awake,0
3784,126.133,0.3016,awake,0
3785,126.167,0.3077,awake,0
3786,126.200,0.3099,awake,0
3787,126.233,0.3108,awake,0
3788,126.267,0.3097,awake,0
3789,126.300,0.3038,awake,0
3790,126.333,0.3112,awake,0
3791,126.367,0.3089,awake,0
3792,126.400,0.3059,awake,0
3793,126.433,0.3023,awake,0
3794,126.467,0.3125,awake,0
3795,126.500,0.3048,awake,0
3796,126.533,0.3046,awake,0
3797,126.567,0.3188,awake,0
3798,126.600,0.3074,awake,0
3799,126.633,0.3109,awake,0
3800,126.667,0.3132,awake,0
3801,126.700,0.3135,awake,0
3802,126.733,0.3095,awake,0
3803,126.767,0.3111,awake,0
3804,126.800,0.3175,awake,0
3805,126.833,0.3135,awake,0
3806,126.867,0.3148,awake,0
3807,126.900,0.3066,awake,0
3808,126.933,0.3132,awake,0
3809,126.967,0.3192,awake,0
3810,127.000,0.3132,awake,0
3811,127.033,0.3126,awake,0
3812,127.067,0.3181,awake,0
3813,127.100,0.3193,awake,0
3814,127.133,0.3185,awake,0
3815,127.167,0.3151,awake,0
3816,127.200,0.3206,awake,0
3817,127.233,0.3243,awake,0
3818,127.267,0.3227,awake,0
3819,127.300,0.3120,awake,0
3820,127.333,0.3301,awake,0
3821,127.367,0.3133,awake,0
3822,127.400,0.3138,awake,0
3823,127.433,0.3201,awake,0
3824,127.467,0.3187,awake,0
3825,127.500,0.3206,awake,0
3826,127.533,0.3246,awake,0
3827,127.567,0.3232,awake,0
3828,127.600,0.3160,awake,0
3829,127.633,0.3199,awake,0
3830,127.667,0.3238,awake,0
3831,127.700,0.3240,awake,0
3832,127.733,0.3243,awake,0
3833,127.767,0.3232,awake,0
3834,127.800,0.3228,awake,0
3835,127.833,0.3179,awake,0
3836,127.867,0.3147,awake,0
3837,127.900,0.3217,awake,0
3838,127.933,0.3182,awake,0
3839,127.967,0.3250,awake,0
3840,128.000,0.3165,awake,0
3841,128.033,0.3184,awake,0
3842,128.067,0.3182,awake,0
3843,128.100,0.3237,awake,0
3844,128.133,0.3228,awake,0
3845,128.167,0.3198,awake,0
3846,128.200,0.3208,awake,0
3847,128.233,0.3259,awake,0
3848,128.267,0.3123,awake,0
3849,128.300,0.3222,awake,0
3850,128.333,0.3234,awake,0
3851,128.367,0.3238,awake,0
3852,128.400,0.3220,awake,0
3853,128.433,0.3156,awake,0
3854,128.467,0.3163,awake,0
3855,128.500,0.3210,awake,0
3856,128.533,0.3158,awake,0
3857,128.567,0.3171,awake,0
3858,128.600,0.3117,awake,0
3859,128.633,0.3127,awake,0
3860,128.667,0.3186,awake,0
3861,128.700,0.3153,awake,0
3862,128.733,0.3137,awake,0
3863,128.767,0.3157,awake,0
3864,128.800,0.3174,awake,0
3865,128.833,0.3149,awake,0
3866,128.867,0.3164,awake,0
3867,128.900,0.3157,awake,0
3868,128.933,0.3141,awake,0
3869,128.967,0.3147,awake,0
3870,129.000,0.1609,awake,1
3871,129.033,0.1621,awake,2
3872,129.067,0.1564,awake,3
3873,129.100,0.3088,awake,0
3874,129.133,0.3083,awake,0
3875,129.167,0.3111,awake,0
3876,129.200,0.3169,awake,0
3877,129.233,0.3120,awake,0
3878,129.267,0.3122,awake,0
3879,129.300,0.3075,awake,0
3880,129.333,0.3120,awake,0
3881,129.367,0.3172,awake,0
3882,129.400,0.3097,awake,0
3883,129.433,0.3063,awake,0
3884,129.467,0.3046,awake,0
3885,129.500,0.3099,awake,0
3886,129.533,0.3046,awake,0
3887,129.567,0.3108,awake,0
3888,129.600,0.3035,awake,0
3889,129.633,0.3005,awake,0
3890,129.667,0.3086,awake,0
3891,129.700,0.3010,awake,0
3892,129.733,0.3082,awake,0
3893,129.767,0.3095,awake,0
3894,129.800,0.3025,awake,0
3895,129.833,0.3053,awake,0
3896,129.867,0.3095,awake,0
3897,129.900,0.3016,awake,0
3898,129.933,0.3094,awake,0
3899,129.967,0.3013,awake,0
3900,130.000,0.2984,awake,0
3901,130.033,0.3020,awake,0
3902,130.067,0.3021,awake,0
3903,130.100,0.3053,awake,0
3904,130.133,0.3038,awake,0
3905,130.167,0.3013,awake,0
3906,130.200,0.3019,awake,0
3907,130.233,0.2996,awake,0
3908,130.267,0.3016,awake,0
3909,130.300,0.2959,awake,0
3910,130.333,0.2931,awake,0
3911,130.367,0.2978,awake,0
3912,130.400,0.3073,awake,0
3913,130.433,0.2993,awake,0
3914,130.467,0.2928,awake,0
3915,130.500,0.3007,awake,0
3916,130.533,0.2873,awake,0
3917,130.567,0.2933,awake,0
3918,130.600,0.2954,awake,0
3919,130.633,0.2907,awake,0
3920,130.667,0.2906,awake,0
3921,130.700,0.2918,awake,0
3922,130.733,0.2899,awake,0
3923,130.767,0.2885,awake,0
3924,130.800,0.2869,awake,0
3925,130.833,0.2846,awake,0
3926,130.867,0.2865,awake,0
3927,130.900,0.2896,awake,0
3928,130.933,0.2936,awake,0
3929,130.967,0.2865,awake,0
3930,131.000,0.2840,awake,0
3931,131.033,0.2948,awake,0
3932,131.067,0.2835,awake,0
3933,131.100,0.2881,awake,0
3934,131.133,0.2836,awake,0
3935,131.167,0.2841,awake,0
3936,131.200,0.2882,awake,0
3937,131.233,0.2881,awake,0
3938,131.267,0.2910,awake,0
3939,131.300,0.2883,awake,0
3940,131.333,0.2859,awake,0
3941,131.367,0.2875,awake,0
3942,131.400,0.2805,awake,0
3943,131.433,0.2892,awake,0
3944,131.467,0.2862,awake,0
3945,131.500,0.2858,awake,0
3946,131.533,0.2859,awake,0
3947,131.567,0.2774,awake,0
3948,131.600,0.2785,awake,0
3949,131.633,0.2833,awake,0
3950,131.667,0.2831,awake,0
3951,131.700,0.2846,awake,0
3952,131.733,0.2825,awake,0
3953,131.767,0.2812,awake,0
3954,131.800,0.2867,awake,0
3955,131.833,0.2829,awake,0
3956,131.867,0.2843,awake,0
3957,131.900,0.2860,awake,0
3958,131.933,0.2861,awake,0
3959,131.967,0.2822,awake,0
3960,132.000,0.1337,awake,1
3961,132.033,0.1317,awake,2
3962,132.067,0.1348,awake,3
3963,132.100,0.2895,awake,0
3964,132.133,0.2762,awake,0
3965,132.167,0.2772,awake,0
3966,132.200,0.2865,awake,0
3967,132.233,0.2809,awake,0
3968,132.267,0.2784,awake,0
3969,132.300,0.2773,awake,0
3970,132.333,0.2838,awake,0
3971,132.367,0.2822,awake,0
3972,132.400,0.2880,awake,0
3973,132.433,0.2796,awake,0
3974,132.467,0.2836,awake,0
3975,132.500,0.2867,awake,0
3976,132.533,0.2744,awake,0
3977,132.567,0.2759,awake,0
3978,132.600,0.2813,awake,0
3979,132.633,0.2780,awake,0
3980,132.667,0.2787,awake,0
3981,132.700,0.2778,awake,0
3982,132.733,0.2800,awake,0
3983,132.767,0.2771,awake,0
3984,132.800,0.2757,awake,0
3985,132.833,0.2825,awake,0
3986,132.867,0.2816,awake,0
3987,132.900,0.2851,awake,0
3988,132.933,0.2835,awake,0
3989,132.967,0.2833,awake,0
3990,133.000,0.2848,awake,0
3991,133.033,0.2783,awake,0
3992,133.067,0.2802,awake,0
3993,133.100,0.2835,awake,0
3994,133.133,0.2863,awake,0
3995,133.167,0.2854,awake,0
3996,133.200,0.2822,awake,0
3997,133.233,0.2826,awake,0
3998,133.267,0.2846,awake,0
3999,133.300,0.2792,awake,0
4000,133.333,0.2875,awake,0
4001,133.367,0.2875,awake,0
4002,133.400,0.2885,awake,0
4003,133.433,0.2890,awake,0
4004,133.467,0.2894,awake,0
4005,133.500,0.2781,awake,0
4006,133.533,0.2869,awake,0
4007,133.567,0.2806,awake,0
4008,133.600,0.2829,awake,0
4009,133.633,0.2865,awake,0
4010,133.667,0.2921,awake,0
4011,133.700,0.2891,awake,0
4012,133.733,0.2891,awake,0
4013,133.767,0.2957,awake,0
4014,133.800,0.2899,awake,0
4015,133.833,0.2855,awake,0
4016,133.867,0.2841,awake,0
4017,133.900,0.2866,awake,0
4018,133.933,0.2910,awake,0
4019,133.967,0.2848,awake,0
4020,134.000,0.2931,awake,0
4021,134.033,0.2930,awake,0
4022,134.067,0.2893,awake,0
4023,134.100,0.2930,awake,0
4024,134.133,0.2951,awake,0
4025,134.167,0.2910,awake,0
4026,134.200,0.2969,awake,0
4027,134.233,0.2915,awake,0
4028,134.267,0.2972,awake,0
4029,134.300,0.3011,awake,0
4030,134.333,0.2970,awake,0
4031,134.367,0.2911,awake,0
4032,134.400,0.2970,awake,0
4033,134.433,0.2974,awake,0
4034,134.467,0.2941,awake,0
4035,134.500,0.2930,awake,0
4036,134.533,0.2970,awake,0
4037,134.567,0.3025,awake,0
4038,134.600,0.3027,awake,0
4039,134.633,0.3047,awake,0
4040,134.667,0.3002,awake,0
4041,134.700,0.3087,awake,0
4042,134.733,0.2979,awake,0
4043,134.767,0.3035,awake,0
4044,134.800,0.3013,awake,0
4045,134.833,0.3087,awake,0
4046,134.867,0.3033,awake,0
4047,134.900,0.2995,awake,0
4048,134.933,0.3050,awake,0
4049,134.967,0.3000,awake,0
4050,135.000,0.1515,awake,1
4051,135.033,0.1591,awake,2
4052,135.067,0.1558,awake,3
4053,135.100,0.3098,awake,0
4054,135.133,0.3033,awake,0
4055,135.167,0.3124,awake,0
4056,135.200,0.3069,awake,0
4057,135.233,0.3002,awake,0
4058,135.267,0.3049,awake,0
4059,135.300,0.3033,awake,0
4060,135.333,0.3035,awake,0
4061,135.367,0.3118,awake,0
4062,135.400,0.3116,awake,0
4063,135.433,0.3129,awake,0
4064,135.467,0.3080,awake,0
4065,135.500,0.3135,awake,0
4066,135.533,0.3058,awake,0
4067,135.567,0.3102,awake,0
4068,135.600,0.3118,awake,0
4069,135.633,0.3105,awake,0
4070,135.667,0.3136,awake,0
4071,135.700,0.3134,awake,0
4072,135.733,0.3157,awake,0
4073,135.767,0.3154,awake,0
4074,135.800,0.3183,awake,0
4075,135.833,0.3129,awake,0
4076,135.867,0.3177,awake,0
4077,135.900,0.3166,awake,0
4078,135.933,0.3167,awake,0
4079,135.967,0.3166,awake,0
4080,136.000,0.3077,awake,0
4081,136.033,0.3242,awake,0
4082,136.067,0.3132,awake,0
4083,136.100,0.3139,awake,0
4084,136.133,0.3160,awake,0
4085,136.167,0.3123,awake,0
4086,136.200,0.3247,awake,0
4087,136.233,0.3155,awake,0
4088,136.267,0.3154,awake,0
4089,136.300,0.3150,awake,0
4090,136.333,0.3203,awake,0
4091,136.367,0.3243,awake,0
4092,136.400,0.3200,awake,0
4093,136.433,0.3159,awake,0
4094,136.467,0.3244,awake,0
4095,136.500,0.3204,awake,0
4096,136.533,0.3165,awake,0
4097,136.567,0.3192,awake,0
4098,136.600,0.3201,awake,0
4099,136.633,0.3206,awake,0
4100,136.667,0.3198,awake,0
4101,136.700,0.3199,awake,0
4102,136.733,0.3273,awake,0
4103,136.767,0.3313,awake,0
4104,136.800,0.3207,awake,0
4105,136.833,0.3163,awake,0
4106,136.867,0.3158,awake,0
4107,136.900,0.3233,awake,0
4108,136.933,0.3135,awake,0
4109,136.967,0.3192,awake,0
4110,137.000,0.3215,awake,0
4111,137.033,0.3206,awake,0
4112,137.067,0.3182,awake,0
4113,137.100,0.3271,awake,0
4114,137.133,0.3229,awake,0
4115,137.167,0.3177,awake,0
4116,137.200,0.3226,awake,0
4117,137.233,0.3187,awake,0
4118,137.267,0.3172,awake,0
4119,137.300,0.3175,awake,0
4120,137.333,0.3237,awake,0
4121,137.367,0.3166,awake,0
4122,137.400,0.3184,awake,0
4123,137.433,0.3226,awake,0
4124,137.467,0.3196,awake,0
4125,137.500,0.3191,awake,0
4126,137.533,0.3153,awake,0
4127,137.567,0.3271,awake,0
4128,137.600,0.3208,awake,0
4129,137.633,0.3078,awake,0
4130,137.667,0.3223,awake,0
4131,137.700,0.3117,awake,0
4132,137.733,0.3111,awake,0
4133,137.767,0.3135,awake,0
4134,137.800,0.3211,awake,0
4135,137.833,0.3147,awake,0
4136,137.867,0.3163,awake,0
4137,137.900,0.3085,awake,0
4138,137.933,0.3191,awake,0
4139,137.967,0.3135,awake,0
4140,138.000,0.1590,awake,1
4141,138.033,0.1652,awake,2
4142,138.067,0.1655,awake,3
4143,138.100,0.3135,awake,0
4144,138.133,0.3180,awake,0
4145,138.167,0.3148,awake,0
4146,138.200,0.3181,awake,0
4147,138.233,0.3115,awake,0
4148,138.267,0.3118,awake,0
4149,138.300,0.3144,awake,0
4150,138.333,0.3152,awake,0
4151,138.367,0.3088,awake,0
4152,138.400,0.3173,awake,0
4153,138.433,0.3098,awake,0
4154,138.467,0.3089,awake,0
4155,138.500,0.3103,awake,0
4156,138.533,0.3047,awake,0
4157,138.567,0.3011,awake,0
4158,138.600,0.3154,awake,0
4159,138.633,0.3110,awake,0
4160,138.667,0.3026,awake,0
4161,138.700,0.3064,awake,0
4162,138.733,0.3079,awake,0
4163,138.767,0.3030,awake,0
4164,138.800,0.3103,awake,0
4165,138.833,0.3021,awake,0
4166,138.867,0.3076,awake,0
4167,138.900,0.3007,awake,0
4168,138.933,0.3047,awake,0
4169,138.967,0.3084,awake,0
4170,139.000,0.3037,awake,0
4171,139.033,0.2994,awake,0
4172,139.067,0.3017,awake,0
4173,139.100,0.3033,awake,0
4174,139.133,0.2982,awake,0
4175,139.167,0.2979,awake,0
4176,139.200,0.3060,awake,0
4177,139.233,0.3041,awake,0
4178,139.267,0.2954,awake,0
4179,139.300,0.2923,awake,0
4180,139.333,0.2920,awake,0
4181,139.367,0.2922,awake,0
4182,139.400,0.2951,awake,0
4183,139.433,0.2955,awake,0
4184,139.467,0.2898,awake,0
4185,139.500,0.2955,awake,0
4186,139.533,0.2828,awake,0
4187,139.567,0.2945,awake,0
4188,139.600,0.2999,awake,0
4189,139.633,0.2882,awake,0
4190,139.667,0.2811,awake,0
4191,139.700,0.2929,awake,0
4192,139.733,0.2946,awake,0
4193,139.767,0.2897,awake,0
4194,139.800,0.2918,awake,0
4195,139.833,0.2957,awake,0
4196,139.867,0.2969,awake,0
4197,139.900,0.2921,awake,0
4198,139.933,0.2844,awake,0
4199,139.967,0.2896,awake,0
4200,140.000,0.2845,awake,0
4201,140.033,0.2881,awake,0
4202,140.067,0.2868,awake,0
4203,140.100,0.2851,awake,0
4204,140.133,0.2932,awake,0
4205,140.167,0.2858,awake,0
4206,140.200,0.2804,awake,0
4207,140.233,0.2875,awake,0
4208,140.267,0.2884,awake,0
4209,140.300,0.2856,awake,0
4210,140.333,0.2820,awake,0
4211,140.367,0.2830,awake,0
4212,140.400,0.2821,awake,0
4213,140.433,0.2821,awake,0
4214,140.467,0.2811,awake,0
4215,140.500,0.2827,awake,0
4216,140.533,0.2779,awake,0
4217,140.567,0.2841,awake,0
4218,140.600,0.2797,awake,0
4219,140.633,0.2861,awake,0
4220,140.667,0.2839,awake,0
4221,140.700,0.2882,awake,0
4222,140.733,0.2765,awake,0
4223,140.767,0.2874,awake,0
4224,140.800,0.2811,awake,0
4225,140.833,0.2839,awake,0
4226,140.867,0.2848,awake,0
4227,140.900,0.2849,awake,0
4228,140.933,0.2812,awake,0
4229,140.967,0.2826,awake,0
4230,141.000,0.1303,awake,1
4231,141.033,0.1335,awake,2
4232,141.067,0.1269,awake,3
4233,141.100,0.2820,awake,0
4234,141.133,0.2864,awake,0
4235,141.167,0.2882,awake,0
4236,141.200,0.2844,awake,0
4237,141.233,0.2859,awake,0
4238,141.267,0.2821,awake,0
4239,141.300,0.2842,awake,0
4240,141.333,0.2878,awake,0
4241,141.367,0.2798,awake,0
4242,141.400,0.2737,awake,0
4243,141.433,0.2793,awake,0
4244,141.467,0.2808,awake,0
4245,141.500,0.2768,awake,0
4246,141.533,0.2753,awake,0
4247,141.567,0.2782,awake,0
4248,141.600,0.2753,awake,0
4249,141.633,0.2840,awake,0
4250,141.667,0.2872,awake,0
4251,141.700,0.2832,awake,0
4252,141.733,0.2751,awake,0
4253,141.767,0.2816,awake,0
4254,141.800,0.2775,awake,0
4255,141.833,0.2822,awake,0
4256,141.867,0.2779,awake,0
4257,141.900,0.2853,awake,0
4258,141.933,0.2843,awake,0
4259,141.967,0.2804,awake,0
4260,142.000,0.2839,awake,0
4261,142.033,0.2824,awake,0
4262,142.067,0.2892,awake,0
4263,142.100,0.2749,awake,0
4264,142.133,0.2844,awake,0
4265,142.167,0.2880,awake,0
4266,142.200,0.2818,awake,0
4267,142.233,0.2815,awake,0
4268,142.267,0.2845,awake,0
4269,142.300,0.2804,awake,0
4270,142.333,0.2822,awake,0
4271,142.367,0.2806,awake,0
4272,142.400,0.2843,awake,0
4273,142.433,0.2769,awake,0
4274,142.467,0.2832,awake,0
4275,142.500,0.2882,awake,0
4276,142.533,0.2847,awake,0
4277,142.567,0.2850,awake,0
4278,142.600,0.2905,awake,0
4279,142.633,0.2936,awake,0
4280,142.667,0.2847,awake,0
4281,142.700,0.2929,awake,0
4282,142.733,0.2814,awake,0
4283,142.767,0.2854,awake,0
4284,142.800,0.2913,awake,0
4285,142.833,0.2906,awake,0
4286,142.867,0.2905,awake,0
4287,142.900,0.2939,awake,0
4288,142.933,0.2900,awake,0
4289,142.967,0.2943,awake,0
4290,143.000,0.2897,awake,0
4291,143.033,0.2896,awake,0
4292,143.067,0.2850,awake,0
4293,143.100,0.2956,awake,0
4294,143.133,0.2899,awake,0
4295,143.167,0.2978,awake,0
4296,143.200,0.2983,awake,0
4297,143.233,0.2938,awake,0
4298,143.267,0.2955,awake,0
4299,143.300,0.2964,awake,0
4300,143.333,0.2953,awake,0
4301,143.367,0.2907,awake,0
4302,143.400,0.3028,awake,0
4303,143.433,0.2952,awake,0
4304,143.467,0.3000,awake,0
4305,143.500,0.2995,awake,0
4306,143.533,0.3000,awake,0
4307,143.567,0.3002,awake,0
4308,143.600,0.3034,awake,0
4309,143.633,0.2968,awake,0
4310,143.667,0.3047,awake,0
4311,143.700,0.3018,awake,0
4312,143.733,0.3018,awake,0
4313,143.767,0.3004,awake,0
4314,143.800,0.3024,awake,0
4315,143.833,0.3054,awake,0
4316,143.867,0.2988,awake,0
4317,143.900,0.2971,awake,0
4318,143.933,0.3033,awake,0
4319,143.967,0.3077,awake,0
4320,144.000,0.1541,awake,1
4321,144.033,0.1612,awake,2
4322,144.067,0.1614,awake,3
4323,144.100,0.3123,awake,0
4324,144.133,0.3129,awake,0
4325,144.167,0.3086,awake,0
4326,144.200,0.3102,awake,0
4327,144.233,0.3057,awake,0
4328,144.267,0.2981,awake,0
4329,144.300,0.3108,awake,0
4330,144.333,0.3065,awake,0
4331,144.367,0.3092,awake,0
4332,144.400,0.3005,awake,0
4333,144.433,0.3144,awake,0
4334,144.467,0.3104,awake,0
4335,144.500,0.3092,awake,0
4336,144.533,0.3074,awake,0
4337,144.567,0.3091,awake,0
4338,144.600,0.3093,awake,0
4339,144.633,0.3092,awake,0
4340,144.667,0.3078,awake,0
4341,144.700,0.3129,awake,0
4342,144.733,0.3127,awake,0
4343,144.767,0.3179,awake,0
4344,144.800,0.3077,awake,0
4345,144.833,0.3133,awake,0
4346,144.867,0.3118,awake,0
4347,144.900,0.3170,awake,0
4348,144.933,0.3157,awake,0
4349,144.967,0.3196,awake,0
4350,145.000,0.3238,awake,0
4351,145.033,0.3168,awake,0
4352,145.067,0.3191,awake,0
4353,145.100,0.3142,awake,0
4354,145.133,0.3170,awake,0
4355,145.167,0.3178,awake,0
4356,145.200,0.3265,awake,0
4357,145.233,0.3136,awake,0
4358,145.267,0.3178,awake,0
4359,145.300,0.3186,awake,0
4360,145.333,0.3156,awake,0
4361,145.367,0.3202,awake,0
4362,145.400,0.3190,awake,0
4363,145.433,0.3196,awake,0
4364,145.467,0.3164,awake,0
4365,145.500,0.3223,awake,0
4366,145.533,0.3158,awake,0
4367,145.567,0.3181,awake,0
4368,145.600,0.3231,awake,0
4369,145.633,0.3253,awake,0
4370,145.667,0.3168,awake,0
4371,145.700,0.3224,awake,0
4372,145.733,0.3196,awake,0
4373,145.767,0.3241,awake,0
4374,145.800,0.3204,awake,0
4375,145.833,0.3268,awake,0
4376,145.867,0.3261,awake,0
4377,145.900,0.3161,awake,0
4378,145.933,0.3187,awake,0
4379,145.967,0.3169,awake,0
4380,146.000,0.3196,awake,0
4381,146.033,0.3126,awake,0
4382,146.067,0.3131,awake,0
4383,146.100,0.3238,awake,0
4384,146.133,0.3210,awake,0
4385,146.167,0.3226,awake,0
4386,146.200,0.3158,awake,0
4387,146.233,0.3151,awake,0
4388,146.267,0.3184,awake,0
4389,146.300,0.3246,awake,0
4390,146.333,0.3192,awake,0
4391,146.367,0.3195,awake,0
4392,146.400,0.3233,awake,0
4393,146.433,0.3199,awake,0
4394,146.467,0.3189,awake,0
4395,146.500,0.3197,awake,0
4396,146.533,0.3171,awake,0
4397,146.567,0.3239,awake,0
4398,146.600,0.3170,awake,0
4399,146.633,0.3143,awake,0
4400,146.667,0.3196,awake,0
4401,146.700,0.3204,awake,0
4402,146.733,0.3145,awake,0
4403,146.767,0.3190,awake,0
4404,146.800,0.3201,awake,0
4405,146.833,0.3021,awake,0
4406,146.867,0.3083,awake,0
4407,146.900,0.3165,awake,0
4408,146.933,0.3109,awake,0
4409,146.967,0.3210,awake,0
4410,147.000,0.1653,awake,1
4411,147.033,0.1632,awake,2
4412,147.067,0.1635,awake,3
4413,147.100,0.3114,awake,0
4414,147.133,0.3100,awake,0
4415,147.167,0.3127,awake,0
4416,147.200,0.3158,awake,0
4417,147.233,0.3053,awake,0
4418,147.267,0.3120,awake,0
4419,147.300,0.3089,awake,0
4420,147.333,0.3106,awake,0
4421,147.367,0.3069,awake,0
4422,147.400,0.3100,awake,0
4423,147.433,0.3048,awake,0
4424,147.467,0.3085,awake,0
4425,147.500,0.3072,awake,0
4426,147.533,0.3011,awake,0
4427,147.567,0.3090,awake,0
4428,147.600,0.2957,awake,0
4429,147.633,0.3050,awake,0
4430,147.667,0.3001,awake,0
4431,147.700,0.3066,awake,0
4432,147.733,0.3038,awake,0
4433,147.767,0.3079,awake,0
4434,147.800,0.3034,awake,0
4435,147.833,0.3029,awake,0
4436,147.867,0.3078,awake,0
4437,147.900,0.3010,awake,0
4438,147.933,0.3023,awake,0
4439,147.967,0.3076,awake,0
4440,148.000,0.1841,awake,1
4441,148.033,0.1889,awake,2
4442,148.067,0.1824,awake,3
4443,148.100,0.1779,awake,4
4444,148.133,0.1839,awake,5
4445,148.167,0.1828,awake,6
4446,148.200,0.1776,awake,7
4447,148.233,0.1803,awake,8
4448,148.267,0.1774,awake,9
4449,148.300,0.1793,awake,10
4450,148.333,0.1769,awake,11
4451,148.367,0.1758,awake,12
4452,148.400,0.1826,awake,13
4453,148.433,0.1773,awake,14
4454,148.467,0.1697,awake,15
4455,148.500,0.1754,awake,16
4456,148.533,0.1729,awake,17
4457,148.567,0.1749,awake,18
4458,148.600,0.1741,awake,19
4459,148.633,0.1742,drowsy,20
4460,148.667,0.1655,drowsy,21
4461,148.700,0.1656,drowsy,22
4462,148.733,0.1771,drowsy,23
4463,148.767,0.1709,drowsy,24
4464,148.800,0.1760,drowsy,25
4465,148.833,0.1723,drowsy,26
4466,148.867,0.1677,drowsy,27
4467,148.900,0.1627,drowsy,28
4468,148.933,0.1711,drowsy,29
4469,148.967,0.1707,drowsy,30
4470,149.000,0.1753,drowsy,31
4471,149.033,0.1671,drowsy,32
4472,149.067,0.1678,drowsy,33
4473,149.100,0.1599,drowsy,34
4474,149.133,0.1644,drowsy,35
4475,149.167,0.1674,drowsy,36
4476,149.200,0.1647,drowsy,37
4477,149.233,0.1623,drowsy,38
4478,149.267,0.1711,drowsy,39
4479,149.300,0.1716,drowsy,40
4480,149.333,0.1606,drowsy,41
4481,149.367,0.1649,drowsy,42
4482,149.400,0.1625,drowsy,43
4483,149.433,0.1699,drowsy,44
4484,149.467,0.1646,drowsy,45
4485,149.500,0.1658,drowsy,46
4486,149.533,0.1594,drowsy,47
4487,149.567,0.1682,drowsy,48
4488,149.600,0.1615,drowsy,49
4489,149.633,0.1699,drowsy,50
4490,149.667,0.1666,drowsy,51
4491,149.700,0.1594,drowsy,52
4492,149.733,0.1639,drowsy,53
4493,149.767,0.1626,drowsy,54
4494,149.800,0.1606,drowsy,55
4495,149.833,0.1643,drowsy,56
4496,149.867,0.1610,drowsy,57
4497,149.900,0.1611,drowsy,58
4498,149.933,0.1583,drowsy,59
4499,149.967,0.1577,drowsy,60
4500,150.000,0.0500,drowsy,61
4501,150.033,0.0500,drowsy,62
4502,150.067,0.0500,drowsy,63
4503,150.100,0.1549,drowsy,64
4504,150.133,0.1607,drowsy,65
4505,150.167,0.1665,drowsy,66
4506,150.200,0.1574,drowsy,67
4507,150.233,0.1559,drowsy,68
4508,150.267,0.1563,drowsy,69
4509,150.300,0.1632,drowsy,70
4510,150.333,0.1549,drowsy,71
4511,150.367,0.1601,drowsy,72
4512,150.400,0.1573,drowsy,73
4513,150.433,0.1577,drowsy,74
4514,150.467,0.1588,drowsy,75
4515,150.500,0.1586,drowsy,76
4516,150.533,0.1587,drowsy,77
4517,150.567,0.1600,drowsy,78
4518,150.600,0.1614,drowsy,79
4519,150.633,0.1586,drowsy,80
4520,150.667,0.1624,drowsy,81
4521,150.700,0.1587,drowsy,82
4522,150.733,0.1589,drowsy,83
4523,150.767,0.1610,drowsy,84
4524,150.800,0.1541,drowsy,85
4525,150.833,0.1579,drowsy,86
4526,150.867,0.1586,drowsy,87
4527,150.900,0.1574,drowsy,88
4528,150.933,0.1607,drowsy,89
4529,150.967,0.1589,drowsy,90
4530,151.000,0.1584,drowsy,91
4531,151.033,0.1663,drowsy,92
4532,151.067,0.1708,drowsy,93
4533,151.100,0.1667,drowsy,94
4534,151.133,0.1641,drowsy,95
4535,151.167,0.1677,drowsy,96
4536,151.200,0.1647,drowsy,97
4537,151.233,0.1627,drowsy,98
4538,151.267,0.1644,drowsy,99
4539,151.300,0.1629,drowsy,100
4540,151.333,0.1558,drowsy,101
4541,151.367,0.1615,drowsy,102
4542,151.400,0.1619,drowsy,103
4543,151.433,0.1674,drowsy,104
4544,151.467,0.1639,drowsy,105
4545,151.500,0.1590,drowsy,106
4546,151.533,0.1664,drowsy,107
4547,151.567,0.1680,drowsy,108
4548,151.600,0.1703,drowsy,109
4549,151.633,0.1690,drowsy,110
4550,151.667,0.1775,drowsy,111
4551,151.700,0.1648,drowsy,112
4552,151.733,0.1740,drowsy,113
4553,151.767,0.1728,drowsy,114
4554,151.800,0.1669,drowsy,115
4555,151.833,0.1694,drowsy,116
4556,151.867,0.1673,drowsy,117
4557,151.900,0.1702,drowsy,118
4558,151.933,0.1693,drowsy,119
4559,151.967,0.1697,drowsy,120
4560,152.000,0.1719,drowsy,121
4561,152.033,0.1682,drowsy,122
4562,152.067,0.1773,drowsy,123
4563,152.100,0.1768,drowsy,124
4564,152.133,0.1709,drowsy,125
4565,152.167,0.1776,drowsy,126
4566,152.200,0.1704,drowsy,127
4567,152.233,0.1679,drowsy,128
4568,152.267,0.1767,drowsy,129
4569,152.300,0.1781,drowsy,130
4570,152.333,0.1734,drowsy,131
4571,152.367,0.1790,drowsy,132
4572,152.400,0.1852,drowsy,133
4573,152.433,0.1898,drowsy,134
4574,152.467,0.1748,drowsy,135
4575,152.500,0.1800,drowsy,136
4576,152.533,0.1743,drowsy,137
4577,152.567,0.1910,drowsy,138
4578,152.600,0.1784,drowsy,139
4579,152.633,0.1840,drowsy,140
4580,152.667,0.1814,drowsy,141
4581,152.700,0.1773,drowsy,142
4582,152.733,0.1812,drowsy,143
4583,152.767,0.1770,drowsy,144
4584,152.800,0.1803,drowsy,145
4585,152.833,0.1823,drowsy,146
4586,152.867,0.1847,drowsy,147
4587,152.900,0.1752,drowsy,148
4588,152.933,0.1845,drowsy,149
4589,152.967,0.1954,drowsy,150
4590,153.000,0.0500,drowsy,151
4591,153.033,0.0500,drowsy,152
4592,153.067,0.0500,drowsy,153
4593,153.100,0.1757,drowsy,154
4594,153.133,0.1834,drowsy,155
4595,153.167,0.1851,drowsy,156
4596,153.200,0.1916,drowsy,157
4597,153.233,0.1885,drowsy,158
4598,153.267,0.1882,drowsy,159
4599,153.300,0.1922,drowsy,160
4600,153.333,0.1904,drowsy,161
4601,153.367,0.1897,drowsy,162
4602,153.400,0.1934,drowsy,163
4603,153.433,0.1856,drowsy,164
4604,153.467,0.1907,drowsy,165
4605,153.500,0.1969,drowsy,166
4606,153.533,0.1837,drowsy,167
4607,153.567,0.1895,drowsy,168
4608,153.600,0.1936,drowsy,169
4609,153.633,0.1942,drowsy,170
4610,153.667,0.1923,drowsy,171
4611,153.700,0.1957,drowsy,172
4612,153.733,0.1908,drowsy,173
4613,153.767,0.1986,drowsy,174
4614,153.800,0.1957,drowsy,175
4615,153.833,0.2025,drowsy,176
4616,153.867,0.1990,drowsy,177
4617,153.900,0.1981,drowsy,178
4618,153.933,0.2018,drowsy,179
4619,153.967,0.1932,drowsy,180
4620,154.000,0.1955,drowsy,181
4621,154.033,0.1899,drowsy,182
4622,154.067,0.2007,drowsy,183
4623,154.100,0.2040,drowsy,184
4624,154.133,0.1957,drowsy,185
4625,154.167,0.1930,drowsy,186
4626,154.200,0.2026,drowsy,187
4627,154.233,0.1953,drowsy,188
4628,154.267,0.1964,drowsy,189
4629,154.300,0.2048,drowsy,190
4630,154.333,0.1973,drowsy,191
4631,154.367,0.1982,drowsy,192
4632,154.400,0.2055,drowsy,193
4633,154.433,0.2016,drowsy,194
4634,154.467,0.1951,drowsy,195
4635,154.500,0.2055,drowsy,196
4636,154.533,0.1926,drowsy,197
4637,154.567,0.2037,drowsy,198
4638,154.600,0.2017,drowsy,199
4639,154.633,0.1977,drowsy,200
4640,154.667,0.1967,drowsy,201
4641,154.700,0.1955,drowsy,202
4642,154.733,0.2069,drowsy,203
4643,154.767,0.2005,drowsy,204
4644,154.800,0.1975,drowsy,205
4645,154.833,0.2023,drowsy,206
4646,154.867,0.2048,drowsy,207
4647,154.900,0.2013,drowsy,208
4648,154.933,0.2027,drowsy,209
4649,154.967,0.2037,drowsy,210
4650,155.000,0.2001,drowsy,211
4651,155.033,0.3211,awake,0
4652,155.067,0.3193,awake,0
4653,155.100,0.3157,awake,0
4654,155.133,0.3145,awake,0
4655,155.167,0.3213,awake,0
4656,155.200,0.3165,awake,0
4657,155.233,0.3191,awake,0
4658,155.267,0.3181,awake,0
4659,155.300,0.3228,awake,0
4660,155.333,0.3199,awake,0
4661,155.367,0.3199,awake,0
4662,155.400,0.3173,awake,0
4663,155.433,0.3177,awake,0
4664,155.467,0.3167,awake,0
4665,155.500,0.3189,awake,0
4666,155.533,0.3108,awake,0
4667,155.567,0.3174,awake,0
4668,155.600,0.3187,awake,0
4669,155.633,0.3185,awake,0
4670,155.667,0.3124,awake,0
4671,155.700,0.3148,awake,0
4672,155.733,0.3147,awake,0
4673,155.767,0.3137,awake,0
4674,155.800,0.3107,awake,0
4675,155.833,0.3110,awake,0
4676,155.867,0.3150,awake,0
4677,155.900,0.3162,awake,0
4678,155.933,0.3150,awake,0
4679,155.967,0.3106,awake,0
4680,156.000,0.1653,awake,1
4681,156.033,0.1626,awake,2
4682,156.067,0.1610,awake,3
4683,156.100,0.3090,awake,0
4684,156.133,0.3103,awake,0
4685,156.167,0.3148,awake,0
4686,156.200,0.3108,awake,0
4687,156.233,0.3107,awake,0
4688,156.267,0.3068,awake,0
4689,156.300,0.3215,awake,0
4690,156.333,0.3009,awake,0
4691,156.367,0.3015,awake,0
4692,156.400,0.3071,awake,0
4693,156.433,0.3095,awake,0
4694,156.467,0.3154,awake,0
4695,156.500,0.3099,awake,0
4696,156.533,0.3087,awake,0
4697,156.567,0.3107,awake,0
4698,156.600,0.3070,awake,0
4699,156.633,0.2983,awake,0
4700,156.667,0.3067,awake,0
4701,156.700,0.3061,awake,0
4702,156.733,0.3135,awake,0
4703,156.767,0.3015,awake,0
4704,156.800,0.3089,awake,0
4705,156.833,0.2980,awake,0
4706,156.867,0.3091,awake,0
4707,156.900,0.3030,awake,0
4708,156.933,0.3054,awake,0
4709,156.967,0.3044,awake,0
4710,157.000,0.3038,awake,0
4711,157.033,0.3010,awake,0
4712,157.067,0.2976,awake,0
4713,157.100,0.2991,awake,0
4714,157.133,0.2962,awake,0
4715,157.167,0.2983,awake,0
4716,157.200,0.2919,awake,0
4717,157.233,0.2985,awake,0
4718,157.267,0.3013,awake,0
4719,157.300,0.3017,awake,0
4720,157.333,0.3017,awake,0
4721,157.367,0.2966,awake,0
4722,157.400,0.2949,awake,0
4723,157.433,0.2941,awake,0
4724,157.467,0.2962,awake,0
4725,157.500,0.2971,awake,0
4726,157.533,0.2951,awake,0
4727,157.567,0.2879,awake,0
4728,157.600,0.2984,awake,0
4729,157.633,0.2944,awake,0
4730,157.667,0.2960,awake,0
4731,157.700,0.2918,awake,0
4732,157.733,0.2901,awake,0
4733,157.767,0.2985,awake,0
4734,157.800,0.2861,awake,0
4735,157.833,0.2832,awake,0
4736,157.867,0.2975,awake,0
4737,157.900,0.2901,awake,0
4738,157.933,0.2870,awake,0
4739,157.967,0.2860,awake,0
4740,158.000,0.2800,awake,0
4741,158.033,0.2951,awake,0
4742,158.067,0.2901,awake,0
4743,158.100,0.2889,awake,0
4744,158.133,0.2898,awake,0
4745,158.167,0.2825,awake,0
4746,158.200,0.2877,awake,0
4747,158.233,0.2899,awake,0
4748,158.267,0.2764,awake,0
4749,158.300,0.2873,awake,0
4750,158.333,0.2876,awake,0
4751,158.367,0.2847,awake,0
4752,158.400,0.2805,awake,0
4753,158.433,0.2831,awake,0
4754,158.467,0.2817,awake,0
4755,158.500,0.2847,awake,0
4756,158.533,0.2809,awake,0
4757,158.567,0.2858,awake,0
4758,158.600,0.2804,awake,0
4759,158.633,0.2802,awake,0
4760,158.667,0.2868,awake,0
4761,158.700,0.2812,awake,0
4762,158.733,0.2838,awake,0
4763,158.767,0.2763,awake,0
4764,158.800,0.2874,awake,0
4765,158.833,0.2754,awake,0
4766,158.867,0.2814,awake,0
4767,158.900,0.2800,awake,0
4768,158.933,0.2777,awake,0
4769,158.967,0.2795,awake,0
4770,159.000,0.1355,awake,1
4771,159.033,0.1374,awake,2
4772,159.067,0.1294,awake,3
4773,159.100,0.2788,awake,0
4774,159.133,0.2727,awake,0
4775,159.167,0.2870,awake,0
4776,159.200,0.2758,awake,0
4777,159.233,0.2764,awake,0
4778,159.267,0.2804,awake,0
4779,159.300,0.2829,awake,0
4780,159.333,0.2861,awake,0
4781,159.367,0.2887,awake,0
4782,159.400,0.2830,awake,0
4783,159.433,0.2781,awake,0
4784,159.467,0.2775,awake,0
4785,159.500,0.2794,awake,0
4786,159.533,0.2834,awake,0
4787,159.567,0.2841,awake,0
4788,159.600,0.2828,awake,0
4789,159.633,0.2729,awake,0
4790,159.667,0.2783,awake,0
4791,159.700,0.2865,awake,0
4792,159.733,0.2787,awake,0
4793,159.767,0.2806,awake,0
4794,159.800,0.2920,awake,0
4795,159.833,0.2810,awake,0
4796,159.867,0.2871,awake,0
4797,159.900,0.2890,awake,0
4798,159.933,0.2848,awake,0
4799,159.967,0.2803,awake,0
4800,160.000,0.2731,awake,0
4801,160.033,0.2790,awake,0
4802,160.067,0.2852,awake,0
4803,160.100,0.2852,awake,0
4804,160.133,0.2878,awake,0
4805,160.167,0.2790,awake,0
4806,160.200,0.2844,awake,0
4807,160.233,0.2757,awake,0
4808,160.267,0.2807,awake,0
4809,160.300,0.2866,awake,0
4810,160.333,0.2761,awake,0
4811,160.367,0.2884,awake,0
4812,160.400,0.2927,awake,0
4813,160.433,0.2800,awake,0
4814,160.467,0.2850,awake,0
4815,160.500,0.2933,awake,0
4816,160.533,0.2888,awake,0
4817,160.567,0.2887,awake,0
4818,160.600,0.2879,awake,0
4819,160.633,0.2823,awake,0
4820,160.667,0.2877,awake,0
4821,160.700,0.2937,awake,0
4822,160.733,0.2893,awake,0
4823,160.767,0.2923,awake,0
4824,160.800,0.2883,awake,0
4825,160.833,0.2867,awake,0
4826,160.867,0.2889,awake,0
4827,160.900,0.2868,awake,0
4828,160.933,0.2860,awake,0
4829,160.967,0.2918,awake,0
4830,161.000,0.2913,awake,0
4831,161.033,0.2889,awake,0
4832,161.067,0.2959,awake,0
4833,161.100,0.2898,awake,0
4834,161.133,0.2957,awake,0
4835,161.167,0.2965,awake,0
4836,161.200,0.3016,awake,0
4837,161.233,0.2967,awake,0
4838,161.267,0.2990,awake,0
4839,161.300,0.2966,awake,0
4840,161.333,0.2911,awake,0
4841,161.367,0.3006,awake,0
4842,161.400,0.3044,awake,0
4843,161.433,0.2976,awake,0
4844,161.467,0.3070,awake,0
4845,161.500,0.3027,awake,0
4846,161.533,0.3075,awake,0
4847,161.567,0.2993,awake,0
4848,161.600,0.2969,awake,0
4849,161.633,0.3011,awake,0
4850,161.667,0.2985,awake,0
4851,161.700,0.3026,awake,0
4852,161.733,0.3013,awake,0
4853,161.767,0.3034,awake,0
4854,161.800,0.3029,awake,0
4855,161.833,0.2998,awake,0
4856,161.867,0.3020,awake,0
4857,161.900,0.3097,awake,0
4858,161.933,0.3048,awake,0
4859,161.967,0.3002,awake,0
4860,162.000,0.1479,awake,1
4861,162.033,0.1551,awake,2
4862,162.067,0.1580,awake,3
4863,162.100,0.3026,awake,0
4864,162.133,0.3006,awake,0
4865,162.167,0.3104,awake,0
4866,162.200,0.3213,awake,0
4867,162.233,0.3125,awake,0
4868,162.267,0.3054,awake,0
4869,162.300,0.3093,awake,0
4870,162.333,0.3097,awake,0
4871,162.367,0.3055,awake,0
4872,162.400,0.3054,awake,0
4873,162.433,0.3108,awake,0
4874,162.467,0.3149,awake,0
4875,162.500,0.3132,awake,0
4876,162.533,0.3098,awake,0
4877,162.567,0.3149,awake,0
4878,162.600,0.3153,awake,0
4879,162.633,0.3096,awake,0
4880,162.667,0.3090,awake,0
4881,162.700,0.3168,awake,0
4882,162.733,0.3191,awake,0
4883,162.767,0.3165,awake,0
4884,162.800,0.3199,awake,0
4885,162.833,0.3214,awake,0
4886,162.867,0.3097,awake,0
4887,162.900,0.3180,awake,0
4888,162.933,0.3216,awake,0
4889,162.967,0.3211,awake,0
4890,163.000,0.3226,awake,0
4891,163.033,0.3148,awake,0
4892,163.067,0.3201,awake,0
4893,163.100,0.3207,awake,0
4894,163.133,0.3154,awake,0
4895,163.167,0.3188,awake,0
4896,163.200,0.3129,awake,0
4897,163.233,0.3150,awake,0
4898,163.267,0.3199,awake,0
4899,163.300,0.3229,awake,0
4900,163.333,0.3189,awake,0
4901,163.367,0.3252,awake,0
4902,163.400,0.3251,awake,0
4903,163.433,0.3154,awake,0
4904,163.467,0.3190,awake,0
4905,163.500,0.3175,awake,0
4906,163.533,0.3229,awake,0
4907,163.567,0.3226,awake,0
4908,163.600,0.3166,awake,0
4909,163.633,0.3235,awake,0
4910,163.667,0.3146,awake,0
4911,163.700,0.3247,awake,0
4912,163.733,0.3102,awake,0
4913,163.767,0.3193,awake,0
4914,163.800,0.3172,awake,0
4915,163.833,0.3227,awake,0
4916,163.867,0.3210,awake,0
4917,163.900,0.3112,awake,0
4918,163.933,0.3145,awake,0
4919,163.967,0.3175,awake,0
4920,164.000,0.3246,awake,0
4921,164.033,0.3263,awake,0
4922,164.067,0.3224,awake,0
4923,164.100,0.3253,awake,0
4924,164.133,0.3165,awake,0
4925,164.167,0.3211,awake,0
4926,164.200,0.3198,awake,0
4927,164.233,0.3148,awake,0
4928,164.267,0.3176,awake,0
4929,164.300,0.3174,awake,0
4930,164.333,0.3205,awake,0
4931,164.367,0.3205,awake,0
4932,164.400,0.3161,awake,0
4933,164.433,0.3160,awake,0
4934,164.467,0.3103,awake,0
4935,164.500,0.3197,awake,0
4936,164.533,0.3171,awake,0
4937,164.567,0.3172,awake,0
4938,164.600,0.3192,awake,0
4939,164.633,0.3148,awake,0
4940,164.667,0.3127,awake,0
4941,164.700,0.3138,awake,0
4942,164.733,0.3146,awake,0
4943,164.767,0.3166,awake,0
4944,164.800,0.3130,awake,0
4945,164.833,0.3133,awake,0
4946,164.867,0.3095,awake,0
4947,164.900,0.3128,awake,0
4948,164.933,0.3072,awake,0
4949,164.967,0.3112,awake,0
4950,165.000,0.1656,awake,1
4951,165.033,0.1638,awake,2
4952,165.067,0.1621,awake,3
4953,165.100,0.3115,awake,0
4954,165.133,0.3156,awake,0
4955,165.167,0.3069,awake,0
4956,165.200,0.3130,awake,0
4957,165.233,0.3080,awake,0
4958,165.267,0.3116,awake,0
4959,165.300,0.3095,awake,0
4960,165.333,0.3075,awake,0
4961,165.367,0.3105,awake,0
4962,165.400,0.3063,awake,0
4963,165.433,0.3036,awake,0
4964,165.467,0.3061,awake,0
4965,165.500,0.3026,awake,0
4966,165.533,0.3077,awake,0
4967,165.567,0.3043,awake,0
4968,165.600,0.3012,awake,0
4969,165.633,0.3073,awake,0
4970,165.667,0.3070,awake,0
4971,165.700,0.3042,awake,0
4972,165.733,0.3033,awake,0
4973,165.767,0.3077,awake,0
4974,165.800,0.3025,awake,0
4975,165.833,0.3041,awake,0
4976,165.867,0.2981,awake,0
4977,165.900,0.3044,awake,0
4978,165.933,0.3011,awake,0
4979,165.967,0.3033,awake,0
4980,166.000,0.2997,awake,0
4981,166.033,0.2973,awake,0
4982,166.067,0.2950,awake,0
4983,166.100,0.2986,awake,0
4984,166.133,0.2971,awake,0
4985,166.167,0.2933,awake,0
4986,166.200,0.3030,awake,0
4987,166.233,0.3016,awake,0
4988,166.267,0.2889,awake,0
4989,166.300,0.2880,awake,0
4990,166.333,0.2901,awake,0
4991,166.367,0.2963,awake,0
4992,166.400,0.3059,awake,0
4993,166.433,0.2900,awake,0
4994,166.467,0.2931,awake,0
4995,166.500,0.2992,awake,0
4996,166.533,0.2915,awake,0
4997,166.567,0.2975,awake,0
4998,166.600,0.2963,awake,0
4999,166.633,0.2920,awake,0
5000,166.667,0.2952,awake,0
5001,166.700,0.2950,awake,0
5002,166.733,0.2853,awake,0
5003,166.767,0.2898,awake,0
5004,166.800,0.2875,awake,0
5005,166.833,0.2898,awake,0
5006,166.867,0.2844,awake,0
5007,166.900,0.2849,awake,0
5008,166.933,0.2887,awake,0
5009,166.967,0.2881,awake,0
5010,167.000,0.2933,awake,0
5011,167.033,0.2882,awake,0
5012,167.067,0.2927,awake,0
5013,167.100,0.2919,awake,0
5014,167.133,0.2909,awake,0
5015,167.167,0.2718,awake,0
5016,167.200,0.2825,awake,0
5017,167.233,0.2872,awake,0
5018,167.267,0.2797,awake,0
5019,167.300,0.2826,awake,0
5020,167.333,0.2871,awake,0
5021,167.367,0.2843,awake,0
5022,167.400,0.2824,awake,0
5023,167.433,0.2905,awake,0
5024,167.467,0.2816,awake,0
5025,167.500,0.2875,awake,0
5026,167.533,0.2826,awake,0
5027,167.567,0.2830,awake,0
5028,167.600,0.2809,awake,0
5029,167.633,0.2788,awake,0
5030,167.667,0.2810,awake,0
5031,167.700,0.2763,awake,0
5032,167.733,0.2840,awake,0
5033,167.767,0.2818,awake,0
5034,167.800,0.2795,awake,0
5035,167.833,0.2842,awake,0
5036,167.867,0.2767,awake,0
5037,167.900,0.2729,awake,0
5038,167.933,0.2823,awake,0
5039,167.967,0.2750,awake,0
5040,168.000,0.1249,awake,1
5041,168.033,0.1310,awake,2
5042,168.067,0.1341,awake,3
5043,168.100,0.2771,awake,0
5044,168.133,0.2766,awake,0
5045,168.167,0.2861,awake,0
5046,168.200,0.2744,awake,0
5047,168.233,0.2834,awake,0
5048,168.267,0.2817,awake,0
5049,168.300,0.2771,awake,0
5050,168.333,0.2795,awake,0
5051,168.367,0.2766,awake,0
5052,168.400,0.2774,awake,0
5053,168.433,0.2795,awake,0
5054,168.467,0.2773,awake,0
5055,168.500,0.2736,awake,0
5056,168.533,0.2831,awake,0
5057,168.567,0.2779,awake,0
5058,168.600,0.2836,awake,0
5059,168.633,0.2799,awake,0
5060,168.667,0.2919,awake,0
5061,168.700,0.2830,awake,0
5062,168.733,0.2755,awake,0
5063,168.767,0.2756,awake,0
5064,168.800,0.2776,awake,0
5065,168.833,0.2797,awake,0
5066,168.867,0.2749,awake,0
5067,168.900,0.2772,awake,0
5068,168.933,0.2820,awake,0
5069,168.967,0.2759,awake,0
5070,169.000,0.2820,awake,0
5071,169.033,0.2835,awake,0
5072,169.067,0.2788,awake,0
5073,169.100,0.2855,awake,0
5074,169.133,0.2837,awake,0
5075,169.167,0.2879,awake,0
5076,169.200,0.2865,awake,0
5077,169.233,0.2833,awake,0
5078,169.267,0.2838,awake,0
5079,169.300,0.2866,awake,0
5080,169.333,0.2865,awake,0
5081,169.367,0.2786,awake,0
5082,169.400,0.2894,awake,0
5083,169.433,0.2837,awake,0
5084,169.467,0.2908,awake,0
5085,169.500,0.2874,awake,0
5086,169.533,0.2844,awake,0
5087,169.567,0.2874,awake,0
5088,169.600,0.2935,awake,0
5089,169.633,0.2851,awake,0
5090,169.667,0.2816,awake,0
5091,169.700,0.2878,awake,0
5092,169.733,0.2943,awake,0
5093,169.767,0.2960,awake,0
5094,169.800,0.2942,awake,0
5095,169.833,0.2820,awake,0
5096,169.867,0.2899,awake,0
5097,169.900,0.2894,awake,0
5098,169.933,0.2910,awake,0
5099,169.967,0.2878,awake,0
5100,170.000,0.2915,awake,0
5101,170.033,0.2883,awake,0
5102,170.067,0.3027,awake,0
5103,170.100,0.2941,awake,0
5104,170.133,0.2923,awake,0
5105,170.167,0.2898,awake,0
5106,170.200,0.2991,awake,0
5107,170.233,0.2980,awake,0
5108,170.267,0.3008,awake,0
5109,170.300,0.2980,awake,0
5110,170.333,0.2952,awake,0
5111,170.367,0.2946,awake,0
5112,170.400,0.2949,awake,0
5113,170.433,0.2968,awake,0
5114,170.467,0.3017,awake,0
5115,170.500,0.2972,awake,0
5116,170.533,0.3010,awake,0
5117,170.567,0.3033,awake,0
5118,170.600,0.2990,awake,0
5119,170.633,0.3052,awake,0
5120,170.667,0.3034,awake,0
5121,170.700,0.3037,awake,0
5122,170.733,0.3025,awake,0
5123,170.767,0.3038,awake,0
5124,170.800,0.3001,awake,0
5125,170.833,0.3007,awake,0
5126,170.867,0.3055,awake,0
5127,170.900,0.3085,awake,0
5128,170.933,0.3045,awake,0
5129,170.967,0.3078,awake,0
5130,171.000,0.1554,awake,1
5131,171.033,0.1536,awake,2
5132,171.067,0.1572,awake,3
5133,171.100,0.3091,awake,0
5134,171.133,0.3053,awake,0
5135,171.167,0.3061,awake,0
5136,171.200,0.3069,awake,0
5137,171.233,0.3100,awake,0
5138,171.267,0.3038,awake,0
5139,171.300,0.3112,awake,0
5140,171.333,0.3115,awake,0
5141,171.367,0.3117,awake,0
5142,171.400,0.3090,awake,0
5143,171.433,0.3128,awake,0
5144,171.467,0.3076,awake,0
5145,171.500,0.3094,awake,0
5146,171.533,0.3160,awake,0
5147,171.567,0.3078,awake,0
5148,171.600,0.3109,awake,0
5149,171.633,0.3115,awake,0
5150,171.667,0.3168,awake,0
5151,171.700,0.3087,awake,0
5152,171.733,0.3124,awake,0
5153,171.767,0.3108,awake,0
5154,171.800,0.3220,awake,0
5155,171.833,0.3146,awake,0
5156,171.867,0.3139,awake,0
5157,171.900,0.3167,awake,0
5158,171.933,0.3200,awake,0
5159,171.967,0.3085,awake,0
5160,172.000,0.3127,awake,0
5161,172.033,0.3181,awake,0
5162,172.067,0.3150,awake,0
5163,172.100,0.3120,awake,0
5164,172.133,0.3151,awake,0
5165,172.167,0.3188,awake,0
5166,172.200,0.3196,awake,0
5167,172.233,0.3264,awake,0
5168,172.267,0.3121,awake,0
5169,172.300,0.3129,awake,0
5170,172.333,0.3142,awake,0
5171,172.367,0.3230,awake,0
5172,172.400,0.3157,awake,0
5173,172.433,0.3133,awake,0
5174,172.467,0.3227,awake,0
5175,172.500,0.3166,awake,0
5176,172.533,0.3241,awake,0
5177,172.567,0.3206,awake,0
5178,172.600,0.3172,awake,0
5179,172.633,0.3235,awake,0
5180,172.667,0.3232,awake,0
5181,172.700,0.3260,awake,0
5182,172.733,0.3183,awake,0
5183,172.767,0.3187,awake,0
5184,172.800,0.3259,awake,0
5185,172.833,0.3244,awake,0
5186,172.867,0.3210,awake,0
5187,172.900,0.3165,awake,0
5188,172.933,0.3157,awake,0
5189,172.967,0.3141,awake,0
5190,173.000,0.3158,awake,0
5191,173.033,0.3189,awake,0
5192,173.067,0.3149,awake,0
5193,173.100,0.3224,awake,0
5194,173.133,0.3091,awake,0
5195,173.167,0.3161,awake,0
5196,173.200,0.3165,awake,0
5197,173.233,0.3215,awake,0
5198,173.267,0.3210,awake,0
5199,173.300,0.3138,awake,0
5200,173.333,0.3195,awake,0
5201,173.367,0.3142,awake,0
5202,173.400,0.3194,awake,0
5203,173.433,0.3131,awake,0
5204,173.467,0.3183,awake,0
5205,173.500,0.3234,awake,0
5206,173.533,0.3255,awake,0
5207,173.567,0.3214,awake,0
5208,173.600,0.3127,awake,0
5209,173.633,0.3145,awake,0
5210,173.667,0.3126,awake,0
5211,173.700,0.3136,awake,0
5212,173.733,0.3088,awake,0
5213,173.767,0.3130,awake,0
5214,173.800,0.3197,awake,0
5215,173.833,0.3238,awake,0
5216,173.867,0.3163,awake,0
5217,173.900,0.3150,awake,0
5218,173.933,0.3166,awake,0
5219,173.967,0.3072,awake,0
5220,174.000,0.1598,awake,1
5221,174.033,0.1661,awake,2
5222,174.067,0.1616,awake,3
5223,174.100,0.3107,awake,0
5224,174.133,0.3152,awake,0
5225,174.167,0.3038,awake,0
5226,174.200,0.3157,awake,0
5227,174.233,0.3074,awake,0
5228,174.267,0.3125,awake,0
5229,174.300,0.3098,awake,0
5230,174.333,0.3123,awake,0
5231,174.367,0.3129,awake,0
5232,174.400,0.3045,awake,0
5233,174.433,0.3115,awake,0
5234,174.467,0.3097,awake,0
5235,174.500,0.3130,awake,0
5236,174.533,0.3047,awake,0
5237,174.567,0.3111,awake,0
5238,174.600,0.3089,awake,0
5239,174.633,0.3037,awake,0
5240,174.667,0.3091,awake,0
5241,174.700,0.3031,awake,0
5242,174.733,0.3078,awake,0
5243,174.767,0.3033,awake,0
5244,174.800,0.3037,awake,0
5245,174.833,0.3030,awake,0
5246,174.867,0.3064,awake,0
5247,174.900,0.3015,awake,0
5248,174.933,0.3037,awake,0
5249,174.967,0.3033,awake,0
5250,175.000,0.2970,awake,0
5251,175.033,0.3037,awake,0
5252,175.067,0.3054,awake,0
5253,175.100,0.3011,awake,0
5254,175.133,0.3002,awake,0
5255,175.167,0.2947,awake,0
5256,175.200,0.3028,awake,0
5257,175.233,0.2910,awake,0
5258,175.267,0.2973,awake,0
5259,175.300,0.3025,awake,0
5260,175.333,0.2931,awake,0
5261,175.367,0.2975,awake,0
5262,175.400,0.2920,awake,0
5263,175.433,0.2971,awake,0
5264,175.467,0.2883,awake,0
5265,175.500,0.2919,awake,0
5266,175.533,0.2906,awake,0
5267,175.567,0.2931,awake,0
5268,175.600,0.2854,awake,0
5269,175.633,0.2979,awake,0
5270,175.667,0.2926,awake,0
5271,175.700,0.2890,awake,0
5272,175.733,0.2965,awake,0
5273,175.767,0.2901,awake,0
5274,175.800,0.2908,awake,0
5275,175.833,0.2905,awake,0
5276,175.867,0.2953,awake,0
5277,175.900,0.2892,awake,0
5278,175.933,0.2839,awake,0
5279,175.967,0.2882,awake,0
5280,176.000,0.2891,awake,0
5281,176.033,0.2870,awake,0
5282,176.067,0.2841,awake,0
5283,176.100,0.2832,awake,0
5284,176.133,0.2793,awake,0
5285,176.167,0.2877,awake,0
5286,176.200,0.2821,awake,0
5287,176.233,0.2825,awake,0
5288,176.267,0.2868,awake,0
5289,176.300,0.2888,awake,0
5290,176.333,0.2801,awake,0
5291,176.367,0.2825,awake,0
5292,176.400,0.2821,awake,0
5293,176.433,0.2854,awake,0
5294,176.467,0.2790,awake,0
5295,176.500,0.2797,awake,0
5296,176.533,0.2843,awake,0
5297,176.567,0.2800,awake,0
5298,176.600,0.2781,awake,0
5299,176.633,0.2819,awake,0
5300,176.667,0.2781,awake,0
5301,176.700,0.2805,awake,0
5302,176.733,0.2866,awake,0
5303,176.767,0.2805,awake,0
5304,176.800,0.2805,awake,0
5305,176.833,0.2791,awake,0
5306,176.867,0.2747,awake,0
5307,176.900,0.2814,awake,0
5308,176.933,0.2846,awake,0
5309,176.967,0.2855,awake,0
5310,177.000,0.1418,awake,1
5311,177.033,0.1291,awake,2
5312,177.067,0.1310,awake,3
5313,177.100,0.2758,awake,0
5314,177.133,0.2875,awake,0
5315,177.167,0.2840,awake,0
5316,177.200,0.2839,awake,0
5317,177.233,0.2824,awake,0
5318,177.267,0.2795,awake,0
5319,177.300,0.2699,awake,0
5320,177.333,0.2850,awake,0
5321,177.367,0.2827,awake,0
5322,177.400,0.2811,awake,0
5323,177.433,0.2768,awake,0
5324,177.467,0.2836,awake,0
5325,177.500,0.2814,awake,0
5326,177.533,0.2811,awake,0
5327,177.567,0.2760,awake,0
5328,177.600,0.2760,awake,0
5329,177.633,0.2803,awake,0
5330,177.667,0.2803,awake,0
5331,177.700,0.2767,awake,0
5332,177.733,0.2880,awake,0
5333,177.767,0.2794,awake,0
5334,177.800,0.2811,awake,0
5335,177.833,0.2825,awake,0
5336,177.867,0.2876,awake,0
5337,177.900,0.2788,awake,0
5338,177.933,0.2813,awake,0
5339,177.967,0.2772,awake,0
5340,178.000,0.2867,awake,0
5341,178.033,0.2845,awake,0
5342,178.067,0.2836,awake,0
5343,178.100,0.2844,awake,0
5344,178.133,0.2908,awake,0
5345,178.167,0.2833,awake,0
5346,178.200,0.2817,awake,0
5347,178.233,0.2820,awake,0
5348,178.267,0.2887,awake,0
5349,178.300,0.2873,awake,0
5350,178.333,0.2872,awake,0
5351,178.367,0.2830,awake,0
5352,178.400,0.2881,awake,0
5353,178.433,0.2886,awake,0
5354,178.467,0.2870,awake,0
5355,178.500,0.2864,awake,0
5356,178.533,0.2892,awake,0
5357,178.567,0.2892,awake,0
5358,178.600,0.2861,awake,0
5359,178.633,0.2871,awake,0
5360,178.667,0.2819,awake,0
5361,178.700,0.2915,awake,0
5362,178.733,0.2891,awake,0
5363,178.767,0.2961,awake,0
5364,178.800,0.2832,awake,0
5365,178.833,0.2914,awake,0
5366,178.867,0.2935,awake,0
5367,178.900,0.2888,awake,0
5368,178.933,0.2940,awake,0
5369,178.967,0.2936,awake,0
5370,179.000,0.2950,awake,0
5371,179.033,0.2924,awake,0
5372,179.067,0.2811,awake,0
5373,179.100,0.2945,awake,0
5374,179.133,0.2950,awake,0
5375,179.167,0.2922,awake,0
5376,179.200,0.2903,awake,0
5377,179.233,0.2981,awake,0
5378,179.267,0.2981,awake,0
5379,179.300,0.3033,awake,0
5380,179.333,0.2942,awake,0
5381,179.367,0.3026,awake,0
5382,179.400,0.2984,awake,0
5383,179.433,0.2968,awake,0
5384,179.467,0.3013,awake,0
5385,179.500,0.3032,awake,0
5386,179.533,0.2981,awake,0
5387,179.567,0.3069,awake,0
5388,179.600,0.3012,awake,0
5389,179.633,0.2967,awake,0
5390,179.667,0.2975,awake,0
5391,179.700,0.3068,awake,0
5392,179.733,0.3008,awake,0
5393,179.767,0.3038,awake,0
5394,179.800,0.3043,awake,0
5395,179.833,0.3039,awake,0
5396,179.867,0.3087,awake,0
5397,179.900,0.3033,awake,0
5398,179.933,0.3013,awake,0
5399,179.967,0.2970,awake,0
